total_memory,free_memory,available_memory,cache_memory,swap_total_memory,app_total_memory,app_free_memory,app_used_memory,no_of_processor,max_cpu_frequency,cputime,current,voltage,process,time,energy,Device
3894800,263307.766423358,1411.65328467153,1182703.66423358,1942304,17533493.1386861,5791775.06569343,11741718.0729927,8,2297218.97810219,2719.60583941606,294.138686131387,4315,20,34070,43241.9312324818,
3894800,242968.523809524,1396.0873015873,1187158.07936508,1942304,18521922.6666667,5069811.87301587,13452110.7936508,8,2301000,7229.43253968254,279.265873015873,4324,20,30925,37343.3487599206,
3894800,267235.822222222,1422.61481481481,1190130.78518519,1942304,18667453.6888889,5065838.72592593,13601614.962963,8,2299196.2962963,11861.0703703704,283.048148148148,4307,20,33198,40471.2958425111,
3894800,258608.652173913,1419.89855072464,1196001.71014493,1942304,18805374.2028986,4850334.89855072,13955039.3043478,8,2300688.4057971,16702.2427536232,322.717391304348,4323,20,33658,46956.5209180435,
3894800,300468.705882353,1467.65966386555,1202875.39495798,1942304,11427248.6722689,2764391.49579832,8662857.17647059,8,2197932.77310924,21181.9285714286,372.735294117647,4325,20,31914,51447.9258132353,
3894800,283210.996078431,1461.17647058824,1213587.16862745,1942304,16278461.8666667,4063960.50196078,12214501.3647059,8,2175345.09803922,25170.9411764706,233.839215686275,4293,20,49589,49780.9963566,
3894800,305198.338235294,1496.01102941176,1227284.27941176,1942304,7901868.32352941,1896405.58823529,6005462.73529412,8,1664952.20588235,30025.8713235294,115.227941176471,4293,20,263330,130262.38630875,
3894800,290289.926421405,1490.2474916388,1236236.29431438,1942304,8159043.39799331,1802639.75919732,6356403.63879599,8,1674234.11371237,35351.5351170569,136.672240802676,4291,20,452757,265524.135211555,
3894800,255044.818897638,1463.4094488189,1243949.00787402,1942304,8162107.68503937,1916999.65354331,6245108.03149606,8,1800000,40628.9921259843,106.799212598425,4291,20,37855,17348.0160717913,
3894800,282548.578947368,1499.87171052632,1253743.15789474,1942304,8589460.84210526,1665181.02631579,6924279.81578947,8,1571437.5,45947.8947368421,118.917763157895,4291,20,608513,310509.653650437,
3894800,258426.671096346,1480.33222591362,1257871.17607973,1942304,8228408.77076412,1626177.46179402,6602231.3089701,8,1544528.23920266,51945.1096345515,112.06976744186,4348,20,693936,338140.682214698,
3894800,248342.888178914,1453.66453674121,1240716.7284345,1942304,8209480.33226837,1637747.98722045,6571732.34504792,8,1557984.02555911,57853.7220447284,137.638977635783,4353,20,779381,466960.257137166,
3894800,232573.497942387,1441.53086419753,1244036.79012346,1942304,8659777.48148148,1797925.33333333,6861852.14814815,8,1800000,63394.4320987654,111.477366255144,4333,20,36049,17412.7999473786,
3894800,251881.314079422,1449.53429602888,1232851.58122744,1942304,9399974.98916968,1952455.59566787,7447519.39350181,8,1767433.21299639,68795.4981949458,150.606498194946,4331,20,261554,170605.591417083,
3894800,252846.288135593,1425.01271186441,1206919.01694915,1942304,15654724.9152542,5108620.20338983,10546104.7118644,8,2296754.23728814,72979.7966101695,341.046610169492,4341,20,26680,39499.295371017,
3894800,273968.309859155,1435.2676056338,1196220.50704225,1942304,19832656.1408451,6166743.83098592,13665912.3098592,8,2301000,76791.764084507,388.102112676056,4341,20,32626,54966.6949717817,
3894800,473669.776,1559.228,1123510.128,1942304,17051076.48,4789533.76,12261542.72,8,2290980,80460.74,323.588,4344,20,28410,39934.97878752,
3894800,499557.147058824,1585.55882352941,1124542.02941176,1942304,18857313.6764706,5444433.55882353,13412880.1176471,8,2298974.26470588,84498.7610294118,232.051470588235,4319,20,32535,32607.5628583456,
3894800,497898.184615385,1584.88076923077,1125452.01538462,1942304,12591615.9384615,2614021.04615385,9977594.89230769,8,1950550,89157.8346153846,173.157692307692,4299,20,94753,70534.5993118731,
3894800,482435.791821561,1570.65799256506,1126470.9739777,1942304,8289650.28996283,1664123.866171,6625526.42379182,8,1645044.60966543,94103.3159851301,127.052044609665,4299,20,433442,236744.607282402,
3894800,488760.325925926,1579.75925925926,1129591.85185185,1942304,18127011.1703704,5382953.36296296,12744057.8074074,8,2295511.11111111,3027.1,258.137037037037,4281,20,35343,39057.0069813,
3894800,487038.626865672,1578.08582089552,1129493.37313433,1942304,18538435.4925373,5141988.95522388,13396446.5373134,8,2299791.04477612,8010.68656716418,259.869402985075,4281,20,33420,37179.7805518657,
3894800,483044.651515151,1574.25757575758,1129504.72727273,1942304,18883935.8484848,4862555.3030303,14021380.5454545,8,2300348.48484848,12798.9886363636,257.935606060606,4314,20,32592,36266.2331945455,
3894800,483812.07518797,1575.00751879699,1129513.66917293,1942304,19027640.3609023,5094571.33834586,13933069.0225564,8,2300676.69172932,17530.015037594,259.169172932331,4314,20,32537,36378.1819560226,
3894800,484140.476534296,1575.31768953069,1129530.39711191,1942304,18854811.5234657,4853726.38267148,14001085.1407942,8,2300379.06137184,22318.3140794224,260.400722021661,4311,20,33584,37700.9790243466,
3894800,497171.267175573,1588.20229007634,1129547.77099237,1942304,18814270.5343511,4874589.00763359,13939681.5267176,8,2301000,26986.9694656489,259.270992366412,4299,20,31706,35339.6977149847,
3894800,505993.429657795,1596.76045627376,1129592.80608365,1942304,19219585.8555133,4924674.15969582,14294911.6958175,8,2301000,31579.9163498099,261.174904942966,4299,20,31717,35611.5594938669,
3894800,503077.563218391,1593.99233716475,1129781.25670498,1942304,19363726.4367816,4722933.6091954,14640792.8275862,8,2301000,36145.1111111111,261.022988505747,4310,20,31513,35452.4111525287,
3894800,502834.978417266,1593.78776978417,1129800.04316547,1942304,19263640.3741007,4817973.09352518,14445667.2805755,8,2301000,40840.3237410072,259.302158273381,4308,20,33457,37373.9347086906,
3894800,510793.864768683,1601.48754448399,1129804.95373665,1942304,18989217.7081851,5303256,13685961.7081851,8,2300693.95017794,45642.3629893239,261.081850533808,4308,20,33875,38100.5882348754,
3894800,522874.158490566,1613.83018867925,1130099.47169811,1942304,18578575.1245283,5201404.76981132,13377170.354717,8,2300675.47169811,50435.8679245283,263.905660377358,4303,20,31875,36196.8055542453,
3894800,482649.038167939,1583.18320610687,1139151.74045802,1942304,18102376.0610687,5067782.29007634,13034593.7709924,8,2300381.67938931,54789.4580152672,284.248091603053,4300,20,31053,37955.0507507634,
3894800,469078.161764706,1576.125,1145576.23529412,1942304,18852283.5588235,4704818.11764706,14147465.4411765,8,2301000,59303.4852941177,257.444852941176,4300,20,32798,36307.8080330882,
3894800,466114.307692308,1573.73846153846,1145931.61538462,1942304,18957916.2769231,5094650.95384615,13863265.3230769,8,2300338.46153846,63896.4461538462,261.619230769231,4305,20,31359,35318.7256553654,
3894800,467863.318518519,1575.37407407407,1145935.21481481,1942304,18803670.5777778,4976729.51111111,13826941.0666667,8,2300681.48148148,68491.2518518518,262.707407407407,4305,20,32504,36760.5739604444,
3894800,469458.869565217,1576.94927536232,1145934.88405797,1942304,18742231.7101449,4809226.4057971,13933005.3043478,8,2300413.04347826,73215.5833333333,258.420289855072,4300,20,33374,37085.4306405797,
3894800,469568.96969697,1578.6553030303,1147641.39393939,1942304,19041848.7575758,5024327.6969697,14017521.0606061,8,2300060.60606061,77884.2689393939,263.07196969697,4300,20,31772,35940.7872712121,
3894800,485417.583038869,1595.81625441696,1149319.64664311,1942304,19170383.6042403,5041715.73144876,14128667.8727915,8,2301000,82624.0918727915,257.321554770318,4289,20,34175,37717.3121719081,
3894800,484659.667870036,1595.16606498195,1149318.31046931,1942304,19354644.4151625,4861220.03971119,14493424.3754513,8,2301000,87450.0324909747,258.996389891697,4295,20,33483,37246.1374471841,
3894800,483191.896678967,1593.68265682657,1149319.63099631,1942304,19482231.4095941,4929747.04059041,14552484.3690037,8,2301000,92202.5313653137,261.177121771218,4297,20,32654,36646.8688243616,
3894800,629833.777777778,1739.15925925926,1151770.91851852,1942304,18181521.1851852,5202835.58518519,12978685.6,8,2291166.66666667,3015.14074074074,255.948148148148,4291,20,35349,38822.8700824222,
3894800,626219.196911197,1735.96911196911,1151951.05791506,1942304,18657535.7220077,4827949.37451738,13829586.3474903,8,2300667.95366795,7929.33204633205,257.583011583012,4291,20,32171,35558.2428546486,
3894800,631558.213740458,1741.17557251908,1151975.66412214,1942304,18880670.6870229,4942359.20610687,13938311.480916,8,2300381.67938931,12625.8129770992,257.854961832061,4289,20,32248,35664.3509044885,
3894800,640030.254545455,1749.44363636364,1152002.60363636,1942304,18711997.8181818,4946569.83272727,13765427.9854545,8,2301000,17409.2145454545,251.134545454545,4289,20,33797,36403.2916641673,
3894800,637163.808823529,1746.6875,1152009.32352941,1942304,19072768.1764706,4677537.58823529,14395230.5882353,8,2301000,22249.3897058824,253.922794117647,4289,20,33198,36155.1073340956,
3894800,636546.373134328,1746.02985074627,1152026.59701493,1942304,18864089.7761194,5096649.53731343,13767440.238806,8,2298018.65671642,26976.0447761194,259.003731343284,4291,20,32554,36180.0276544104,
3894800,635146.989323843,1744.71886120996,1152034.19217082,1942304,19194650.8469751,4779490.36298932,14415160.4839858,8,2301000,31793.3274021352,254.562277580071,4291,20,34109,37258.1725391744,
3894800,634708.072992701,1744.20072992701,1152047.64963504,1942304,18971132.4379562,4974352.93430657,13996779.5036496,8,2300686.13138686,36614.3467153285,256.255474452555,4291,20,33204,36510.8607660438,
3894800,631590.676470588,1741.33455882353,1152052.55882353,1942304,19497728.2352941,4654539.17647059,14843189.0588235,8,2301000,41386.6948529412,253.941176470588,4291,20,33019,35979.5359819412,
3894800,627432.917293233,1737.18045112782,1152055.84962406,1942304,19358840.6917293,5033243.60902256,14325597.0827068,8,2300390.97744361,46076.977443609,257.364661654135,4291,20,32219,35581.1094571842,
3894800,627888.056939502,1738.07829181495,1152403.10320285,1942304,18769978.7330961,4659687.08896797,14110291.6441281,8,2301000,50950.6725978648,254.188612099644,4289,20,34042,37113.0975762491,
3894800,640701.811320755,1750.6679245283,1152614.43018868,1942304,18844434.6264151,5021100.19622642,13823334.4301887,8,2301000,55667.2075471698,260.932075471698,4289,20,31914,35716.1596545736,
3894800,640242.341818182,1750.32363636364,1152747.85454545,1942304,18692270.4,5017830.28363636,13674440.1163636,8,2301000,60338.4654545455,267.192727272727,4283,20,33148,37934.1220747345,
3894800,663190.468401487,1773.05204460967,1152893.96282528,1942304,18973091.3903346,4921274.61710037,14051816.7732342,8,2299914.49814126,65022.1486988848,259.375464684015,4283,20,32528,36135.5215885799,
3894800,679820.539325843,1788.97378277154,1152639.5505618,1942304,18902212.8838951,5150744.98876404,13751467.8951311,8,2299464.41947566,69660.9400749064,259.14606741573,4283,20,32265,35811.6529065168,
3894800,682360.78490566,1791.51320754717,1152598.43018868,1942304,19377407.4264151,5257142.97358491,14120264.4528302,8,2300675.47169811,74220.1056603774,256.392452830189,4283,20,32071,35218.0911652528,
3894800,709671.286245353,1817.82527881041,1152300.56505576,1942304,19248376.2973978,4776561.63568773,14471814.66171,8,2301000,78841.0185873606,261.260223048327,4283,20,32441,36300.7502231859,
3894800,739749.62962963,1847.14444444444,1151912.23703704,1942304,19179601.7481481,5035492.97777778,14144108.7703704,8,2301000,83517.6185185185,256.603703703704,4275,20,32731,35905.2796558333,
3894800,750061.274074074,1856.82962962963,1151878.05925926,1942304,19292181.3925926,5056263.37777778,14235918.0148148,8,2300400,88217.2333333333,253.633333333333,4278,20,32796,35585.0833464,
3894800,759686.021352313,1866.10676156584,1151848.14234875,1942304,18970941.8078292,5163385.08185053,13807556.7259787,8,2301000,92978.6583629893,256.067615658363,4260,20,33807,36878.2997797153,
3894800,741640.242424242,1854.34848484848,1157718.96969697,1942304,18402873.0606061,5056663.90909091,13346209.1515152,8,2301000,97715.3295454546,289.640151515152,4260,20,31890,39348.0200795455,
3894800,733756.286792453,1852.42264150943,1163592.21132075,1942304,18685619.1396226,5274427.16981132,13411191.9698113,8,2299286.79245283,102265.479245283,271.045283018868,4260,20,32001,36950.0476340377,
3894800,746425.68641115,1864.12543554007,1162921.43554007,1942304,18668920.2508711,4957879.6097561,13711040.641115,8,2299909.4076655,107055.393728223,261.665505226481,4260,20,34837,38832.6315357491,
3894800,738879.746268657,1854.9328358209,1161191.79104478,1942304,18919180.0298507,4888346.17910448,14030833.8507463,8,2300358.20895522,111804.223880597,268.328358208955,4260,20,32389,37023.1794465672,
3894800,743239.971530249,1859.39145907473,1161205.15302491,1942304,18756068.4128114,5134220.21352313,13621848.1992883,8,2300117.43772242,116556.234875445,270.192170818505,4260,20,34112,39263.5481098932,
3894800,750860.186379928,1866.79928315412,1161277.07526882,1942304,18822802.09319,5196705.46236559,13626096.6308244,8,2299953.40501792,121395.996415771,265.014336917563,4272,20,33814,38282.2241366021,
3894800,670681.393103448,1818.69310344828,1192248.17931034,1942304,18731876.6344828,5142958.62068965,13588918.0137931,8,2300441.37931034,126261.489655172,334.865517241379,4271,20,34245,48977.5628236034,
3894800,466045.270758123,1689.78339350181,1264842.54151625,1942304,18961867.7833935,5515497.58844765,13446370.1949458,8,2301000,130796.628158845,278.393501805054,4271,20,33125,39386.2426556859,
3894800,458411.913357401,1684.51985559567,1267184.75090253,1942304,19214654.6714801,5148782.12274368,14065872.5487365,8,2301000,135565.761732852,263.462093862816,4271,20,33651,37865.673433787,
3894800,455356.057761733,1681.52346570397,1267151.98555957,1942304,18996494.4404332,5076823.27797834,13919671.1624549,8,2301000,140357.967509025,264.747292418773,4271,20,33309,37663.6749623285,
3894800,454672.222222222,1681.19259259259,1267511.7037037,1942304,18564570.6962963,5008911.88148148,13555658.8148148,8,2301000,145155.507407407,261.27037037037,4271,20,32807,36608.8638610037,
3894800,451994.144486692,1678.71863117871,1267591.42205323,1942304,18702594.1901141,5118431.36121673,13584162.8288973,8,2301000,149803.300380228,258.136882129278,4271,20,31982,35260.2389071483,
3894800,448610.02247191,1675.41573033708,1267593.37827715,1942304,18688577.5280899,5234970.42696629,13453607.1011236,8,2300033.70786517,154396.224719101,260.610486891386,4269,20,32369,36012.0069294494,
3894800,446051.291512915,1672.87453874539,1267595.73431734,1942304,18863391.3210332,4817963.77859779,14045427.5424354,8,2301000,159076.929889299,262.084870848708,4269,20,32926,36838.9361673432,
3894800,445604.479400749,1672.3670411985,1267594.71161049,1942304,18940352.8389513,4886703.4906367,14053649.3483146,8,2300677.90262172,163767.097378277,261.752808988764,4269,20,32571,36395.5761157753,
3894800,443037.811320755,1670.28679245283,1267951.42641509,1942304,19100108.1358491,5161409.26792453,13938698.8679245,8,2301000,168434.652830189,259.716981132075,4269,20,32157,35653.4882499057,
3894800,443329.747292419,1670.95306859206,1268291.76895307,1942304,18978036.33213,5168389.19855596,13809647.133574,8,2301000,173172.490974729,262.270758122744,4269,20,33729,37764.1306806823,
3894800,441860.619926199,1669.57933579336,1268376.2804428,1942304,19298098.7749077,4687274.77490775,14610824,8,2301000,177981.280442804,259.638376383764,4269,20,33004,36581.5091347306,
3894800,437861.97037037,1665.63703703704,1268379.48148148,1942304,19227342.2962963,4587543.98518519,14639798.3111111,8,2301000,182733.32962963,263.944444444444,4269,20,32806,36965.1064063333,
3894800,435643.649635037,1663.60583941606,1268383.12408759,1942304,19382127.6423358,5064364.08029197,14317763.5620438,8,2301000,187444.777372263,261.408759124088,4269,20,33382,37252.7761843358,
3894800,258332.544949027,1412.9796107507,1189117.50139018,1942304,18411357.8127896,5175855.59962929,13235502.2131603,8,2299508.80444856,9743.04077849861,295.613531047266,4317.21130676552,20,34544,44085.9536615812,
3894800,266865.288718929,1426.07552581262,1194000.99808795,1942304,16994414.585086,4471677.75908222,12522736.8260038,8,2277000.95602294,14250.9971319312,313.262906309751,4319.27915869981,20,33104,44792.0273737869,
3894800,276613.816793893,1442.02194656489,1200586.25954198,1942304,16394499,4211940.93129771,12182558.0687023,8,2241244.27480916,18624.6479007634,300.99141221374,4311.77480916031,20,30788,39956.8877336017,
3894800,287663.033976125,1462.88154269972,1210878.21854913,1942304,13448859.4527089,3323689.43985308,10125170.0128558,8,2053454.54545455,23707.1202938476,252.138659320478,4307.50872359963,20,33466,36347.0703562833,
3894800,295262.199809705,1480.01427212179,1220797.64034253,1942304,10812667.6536632,2591606.85823026,8221060.79543292,8,1910450.99904853,28262.3767840152,208.528068506185,4299.70218839201,20,32154,28829.552683155,
3894800,284559.576559546,1478.70132325142,1230155.51606805,1942304,10066795.4253308,2401882.69943289,7664912.72589792,8,1820204.15879017,32640.5056710775,148,4291.99621928166,20,33247,21119.0077487637,
3894800,285595.682949309,1488.61290322581,1239239.43225806,1942304,8239225.76958525,1809281.03963134,6429944.72995392,8,1666008.29493088,37693.0165898617,118.696774193548,4291.50138248848,20,32431,16519.9418142596,
3894800,272756.888086643,1484.37274368231,1247695.20938628,1942304,8341785.85559567,1726819.97111913,6614965.88447653,8,1648500.90252708,43122.3555956679,119.630866425993,4303.91245487365,20,33166,17076.5358167548,
3894800,262340.082474227,1476.71883786317,1250269.88566073,1942304,8389643.02155577,1683106.88659794,6706536.13495783,8,1604415.18275539,48497.4292408622,114.845360824742,4319.16588566073,20,31599,15674.2467652151,
3894800,257303.475642161,1470.95039858282,1249408.4676705,1942304,8437053.74667848,1658606.76705049,6778446.97962799,8,1603249.7785651,54047.3383525244,121.461470327724,4331.23472099203,20,33667,17711.4726567672,
3894800,248652.761904762,1457.59928122192,1244389.39802336,1942304,8469561.55256065,1692702.86433064,6776858.68823001,8,1645292.00359389,59938.3045822102,124.396226415094,4342.22102425876,20,32185,17384.9179529889,
3894800,247088.293381038,1442.36851520572,1230398.04293381,1942304,10891497.9248658,2700619.27012522,8190878.65474061,8,1850993.73881932,65713.2763864043,182.839892665474,4340.14311270125,20,33705,26746.6465961298,
3894800,253857.640151515,1437.07196969697,1218185.70075758,1942304,13558525.1060606,3779611.21969697,9778913.88636364,8,2044803.97727273,70789.1363636364,253.215909090909,4336.58143939394,20,32160,35314.6197945764,
3894800,314251.025304592,1468.2221180881,1189701.54826617,1942304,15566060.9634489,4497383.34020619,11068677.6232427,8,2158679.47516401,74835.7132146204,298.045923149016,4338.69447047798,20,31599,40861.6211491997,
3894800,376654.603053435,1502.35973282443,1162273.14503817,1942304,17989795.3206107,5382564.87022901,12607230.4503817,8,2297127.86259542,78866.052480916,320.709923664122,4335.76526717557,20,33301,46305.8046867335,
3894800,434495.36,1540.13090909091,1143086.26545455,1942304,16926052.0581818,4699493.6,12226558.4581818,8,2198991.81818182,82918.3463636364,277.148181818182,4325.01636363636,20,33234,39836.6127886529,
3894800,488593.06362773,1575.30959164293,1125024.67236467,1942304,14197192.9952517,3646656.45584046,10550536.5394112,8,2042886.03988604,86983.8974358974,212.423551756885,4314.81576448243,20,32682,29955.2913858646,
3894800,491942.829090909,1580.06909090909,1126598.44727273,1942304,14686078.72,3838976.05818182,10847102.6618182,8,2055612.72727273,65875.2827272727,200.018181818182,4299.05272727273,20,33169,28521.6486236347,
3894800,488741.798165138,1578.11834862385,1127808.06605505,1942304,14564603.6550459,3689876.02201835,10874727.6330275,8,2053788.0733945,47432.4220183486,206.280733944954,4290.43211009174,20,34332,30384.9695936553,
3894800,485277.576994434,1575.64564007421,1128766.716141,1942304,15992788.8756957,4253230.76808905,11739558.1076067,8,2135480.51948052,29464.4712430427,225.930426716141,4293.78756957328,20,31035,30106.9683965105,
3894800,737700.947368421,1853.40977443609,1160678.16541353,1942304,18537482.3609023,5163589.09774436,13373893.2631579,8,2300146.61654135,100019.894736842,280.193609022556,4260,20,32426,38704.4769358647,
3894800,738564.757170172,1856.89674952199,1163365.19311663,1942304,18815494.9904398,5141039.15869981,13674455.83174,8,2299533.46080306,104509.879541109,266.91395793499,4260,20,31356,35653.4483169407,
3894800,742788.815884477,1859.69494584838,1162087.76895307,1942304,18794950.0649819,4922729.93501805,13872220.1299639,8,2300124.54873646,109340.171480144,264.891696750903,4260,20,32298,36446.3108122744,
3894800,739397.912350598,1855.51792828685,1161199.74501992,1942304,19066534.8844622,4868628.07968127,14197906.8047809,8,2300163.34661355,113835.003984064,270.187250996016,4260,20,27844,32048.3796592829,
3894800,746936.086956522,1862.98188405797,1161239.7826087,1942304,18828515.4492754,5116678.43478261,13711837.0144928,8,2300021.73913043,118899.952898551,267.393115942029,4265.89130434783,20,32823,37440.2103642452,
3894800,716746.942028986,1846.46195652174,1174592.5942029,1942304,18864468.8695652,5106224.73913043,13758244.1304348,8,2300177.53623188,123739.887681159,298.25,4271.50543478261,20,33043,42096.0053548139,
3894800,570105.150877193,1755.32807017544,1227921.03859649,1942304,18836656,5306344.40701754,13530311.5929825,8,2300715.78947368,128501.103508772,307.19649122807,4271,20,34031,44649.9043998281,
3894800,462191.802559415,1687.10237659963,1265998.6691042,1942304,19126263.488117,5294381.35283364,13831882.1352834,8,2301000,133121.919561243,271.144424131627,4271,20,32763,37941.4488633784,
3894800,456870.211678832,1683.01094890511,1267168.57664234,1942304,19132828.2043796,5114501.8540146,14018326.350365,8,2301000,137911.689781022,264.348540145985,4271,20,32938,37188.0762716679,
3894800,455015.528130672,1681.35753176044,1267331.44827586,1942304,18778311.9854809,5048512.14519056,13729799.8402904,8,2301000,142760.127041742,262.889292196007,4271,20,33279,37365.6667565662,
3894800,453314.621973929,1679.93482309125,1267551.34450652,1942304,18634079.3594041,5042472.32774674,13591607.0316574,8,2301000,147482.953445065,259.621973929237,4270.98510242086,20,32330,35848.8483755729,
3894800,450283.52362949,1677.04914933837,1267592.40075614,1942304,18701106.4650284,5171356.32514178,13529750.1398866,8,2300512.28733459,152108.661625709,259.417769376181,4269.9943289225,20,32347,35831.1731340647,
3894800,447316.983240223,1674.1322160149,1267594.56238361,1942304,18781000.4767225,5023437.78026071,13757562.6964618,8,2300519.55307263,156745.530726257,261.385474860335,4269,20,32775,36572.1342586592,
3894800,445814.121996303,1672.60443622921,1267595.20147874,1942304,18897257.4048059,4835363.57855823,14061893.8262477,8,2300841.03512015,161430.120147874,261.987060998152,4269,20,32740,36617.1612737523,
3894800,444162.686238532,1671.17431192661,1267782.80366973,1942304,19097715.3174312,5005749.82752294,14091965.4899083,8,2300842.20183486,166203.499082569,261.326605504587,4269,20,33770,37673.922728422,
3894800,443191.310091743,1670.62935779817,1268126.74495413,1942304,19031918.9137615,5157774.59082569,13874144.3229358,8,2301000,170881.563302752,261.091743119266,4269,20,34055,37957.7251826147,
3894800,442552.557971014,1670.22101449275,1268333.86956522,1942304,19144826.923913,4901867.9384058,14242958.9855072,8,2301000,175584.760869565,261.182971014493,4269,20,33481,37330.9836472772,
3894800,439908.451977401,1667.65725047081,1268377.70998117,1942304,19314219.1864407,4681296.67043315,14632922.5160075,8,2301000,180267.531073446,261.813559322034,4269,20,31465,35167.8667965254,
3894800,436737.217712177,1664.60516605166,1268381.30627306,1942304,19316228.8154982,4828506.76383764,14487722.0516605,8,2301000,185089.479704797,262.623616236162,4269,20,33095,37104.1355051845,
3894800,411539.151291513,1647.92988929889,1276509.58671587,1942304,18769278.0627306,5228527.33210332,13540750.7306273,8,2299618.08118081,96221.405904059,268.20479704797,4264.05535055351,20,32585,37265.512655128,
3894800,533645.237735849,1790.7320754717,1300637.7509434,1942304,18138151.3358491,5627758.2490566,12510393.0867925,8,2301000,190470.075471698,257.056603773585,4222,20,32053,34786.8959242264,
3894800,532850.551971326,1789.92831541219,1300679.69892473,1942304,18701930.8100358,4915349.21863799,13786581.5913979,8,2300419.35483871,195213.222222222,237.89605734767,4222,20,34117,34267.0177071756,
3894800,530721.901886793,1788.00377358491,1300679.21509434,1942304,18863316.5886792,4841353.38867925,14021963.2,8,2300675.47169811,199954.649056604,240.630188679245,4222,20,32290,32804.7238017358,
3894800,525053.635687732,1783.63940520446,1301965.0260223,1942304,19060004.7881041,4547914.14126394,14512090.6468402,8,2301000,204635.80669145,243.442379182156,4222,20,32770,33681.4557652045,
3894800,513701.660377359,1774.77358490566,1304234.65660377,1942304,19364132.6113208,5497746.61886792,13866385.9924528,8,2300675.47169811,209254.188679245,240.690566037736,4222,20,32265,32787.5500599623,
3894800,415135.501831502,1740.76556776557,1367939.78021978,1942304,19075503.6190476,5250493.77289377,13825009.8461538,8,2300684.98168498,213879.666666667,266.216117216117,4221,20,33040,37126.9895446154,
3894800,409457.861818182,1742.55636363636,1375358.34181818,1942304,19387989.0327273,5078435.69454546,14309553.3381818,8,2301000,218663.232727273,245.934545454545,4224,20,33423,34720.73220096,
3894800,409892.177121771,1742.75645756458,1375269.97785978,1942304,19020957.9926199,5090274.59778598,13930683.394834,8,2300682.65682657,223429.498154982,245.568265682657,4224,20,32988,34217.804325786,
3894800,411839.605839416,1744.60218978102,1375243.50364964,1942304,19100017.3430657,4998240.78832117,14101776.5547445,8,2300408.75912409,228184.748175182,241.043795620438,4224,20,33319,33924.3726677956,
3894800,411551.284046693,1744.26070038911,1375249.15175097,1942304,19325351.5719844,4774635.68093385,14550715.8910506,8,2299700.38910506,232815.805447471,249.221789883268,4224,20,31225,32870.9584435798,
3894800,412002.535849057,1745.02641509434,1375523.36603774,1942304,18477766.9433962,5186112.96603774,13291653.9773585,8,2301000,237458.611320755,240.6,4224,20,32303,32829.3580032,
3894800,408536.098939929,1741.63250883392,1375527.20848057,1942304,18880944.1696113,4651775.34982332,14229168.819788,8,2299321.55477032,242271.222614841,243.155477031802,4224,20,34470,35403.748694841,
3894800,423989.75464684,1756.79182156134,1375526.21561338,1942304,18788775.2267658,5103977.27881041,13684797.9479554,8,2300680.29739777,247063.483271375,245.230483271375,4224,20,32775,33950.1004728625,
3894800,433877.289377289,1766.32600732601,1375478.35897436,1942304,19022166.5641026,5001335.44322344,14020831.1208791,8,2301000,251789.501831502,241.010989010989,4219,20,33371,33932.4791765714,
3894800,432036.106870229,1764.59923664122,1375479.57251908,1942304,19578928.3816794,5383571.00763359,14195357.3740458,8,2301000,256404.530534351,240.973282442748,4219,20,31948,32480.454269542,
3894800,456666.72659176,1786.7265917603,1373651.11610487,1942304,18743085.2734082,5280516.94382023,13462568.329588,8,2300677.90262172,261017.071161049,258.516853932584,4219,20,32362,35296.6705193708,
3894800,464397.284132841,1793.65313653137,1372863.20295203,1942304,19425003.6900369,4967185.44649447,14457818.2435424,8,2301000,265728.372693727,262.771217712177,4219,20,33033,36621.4331767417,
3894800,462837.2,1792.14074074074,1372829.48148148,1942304,19107750.1925926,4703718.19259259,14404032,8,2301000,270445.066666667,259.22962962963,4219,20,33004,36096.1384036741,
3894800,460909.582089552,1790.1828358209,1372901.20895522,1942304,19395953.5522388,4830898.44776119,14565055.1044776,8,2301000,275189.074626866,261.701492537313,4219,20,32596,35989.8497882985,
3894800,455823.119402985,1784.59701492537,1372178.11940299,1942304,19203004.358209,4588262.11940299,14614742.238806,8,2300679.10447761,279888.481343284,262.675373134328,4219,20,32679,36215.7631802127,
3894800,457516.105263158,1785.84962406015,1371834.22556391,1942304,18466796.8721805,4989112.30075188,13477684.5714286,8,2300353.38345865,284651.056390977,261.906015037594,4219,20,32587,36008.0314054549,
3894800,458436.475095786,1786.8275862069,1371833.16475096,1942304,18671925.0881226,5246596.35249042,13425328.7356322,8,2300340.99616858,289281.896551724,260.605363984674,4207,20,31916,34991.641712705,
3894800,457795.269961977,1786.06844106464,1371827.36121673,1942304,18833629.6882129,5106572.44106464,13727057.2471483,8,2300136.88212928,293884.247148289,261.596958174905,4207,20,32085,35310.774661597,
3894800,470310.701492537,1798.4328358209,1371835.95522388,1942304,18886565.7910448,4787030.29850746,14099535.4925373,8,2300679.10447761,298560.27238806,264.89552238806,4207,20,32744,36490.419910209,
3894800,479912.65917603,1807.97003745318,1371823.82022472,1942304,19675589.3258427,5492312.38202247,14183276.9438202,8,2299749.06367041,303171.74906367,261.831460674157,4207,20,32580,35887.6830357303,
3894800,472704.212927757,1801.02281368821,1371984.44106464,1942304,18916954.4638783,4915532.34980989,14001422.1140684,8,2301000,307816.593155894,265.076045627376,4207,20,32181,35887.4442277757,
3894800,472164.606060606,1800.16666666667,1371774.81818182,1942304,18952495.1515152,4904514.36363636,14047980.7878788,8,2298628.78787879,312459.715909091,260.515151515151,4207,20,32307,35408.059841,
3894800,472932.226415094,1801.0679245283,1371783.2,1942304,19288869.645283,4904790.00754717,14384079.6377359,8,2300388.67924528,317110.690566038,261.177358490566,4207,20,32483,35691.448139517,
3894800,478147.262745098,1805.94509803922,1371807.74901961,1942304,19302029.6470588,4964304.62745098,14337725.0196078,8,2301000,321698.831372549,265.603921568627,4194,20,31059,34597.9508868,
3894800,498031.762081784,1825.37546468401,1371787.3605948,1942304,19568456.3568773,4999349.62081784,14569106.7360595,8,2301000,326334.858736059,259.472118959108,4201,20,32905,35867.844242342,
3894800,500526.80754717,1828.12452830189,1372059.3509434,1942304,18534741.3132075,4875830.52075472,13658910.7924528,8,2301000,331101.233962264,260.584905660377,4195,20,32401,35419.2723612264,
3894800,496610.125461255,1824.39483394834,1372072.36900369,1942304,18510860.2509225,4900385.80073801,13610474.4501845,8,2301000,335810.553505535,262.221402214022,4200,20,33271,36642.3467468635,
3894800,495006.762264151,1822.70188679245,1372090.89811321,1942304,18735826.2037736,4991167.18490566,13744659.0188679,8,2300675.47169811,340515.064150943,263.950943396226,4199,20,32490,36009.6420678113,
3894800,492942.818181818,1820.86363636364,1372091.1969697,1942304,18978061.969697,5279149.96969697,13698912,8,2299814.39393939,345190.200757576,260.083333333333,4199,20,32396,35379.3449403333,
3894800,491972.910447761,1819.79850746269,1372099.73134328,1942304,19040619.9104478,4954129.52238806,14086490.3880597,8,2301000,349872.402985075,261.559701492537,4199,20,32902,36135.9108164328,
3894800,488648.77037037,1816.77407407407,1372103.64444444,1942304,19090652.8074074,5099430.64444444,13991222.162963,8,2301000,354562.966666667,262.607407407407,4203,20,32910,36324.048296,
3894800,485785.617977528,1813.73782771536,1372108.41947566,1942304,19162419.8951311,4933710.68164794,14228709.2134831,8,2300033.70786517,359284.224719101,261.558052434457,4194,20,32790,35969.7929339326,
3894800,483402.007604563,1811.40684410646,1372141.04942966,1942304,19161564.8365019,4966366.81368821,14195198.0228137,8,2300673.00380228,363963.920152091,261.026615969582,4194,20,32162,35209.2088676806,
3894800,481677.720588235,1809.88602941176,1372115.16176471,1942304,19206788.5294118,4796054.38235294,14410734.1470588,8,2300404.41176471,368707.455882353,259.599264705882,4197,20,33419,36411.2742307831,
3894800,483855.32103321,1811.963099631,1372115.4095941,1942304,19405883.9298893,4976985.56826568,14428898.3616236,8,2300682.65682657,373500.878228782,261.9963099631,4197,20,33240,36550.6545692989,
3894800,488740.257575758,1816.75757575758,1372387.40909091,1942304,18612024.1515152,5014829.90909091,13597194.2424242,8,2301000,378307.810606061,264.522727272727,4197,20,32396,35966.1003106364,
3894800,503390.157303371,1831.01498127341,1372152.52434457,1942304,18701664.7490637,5162945.46816479,13538719.2808989,8,2301000,382986.707865169,268.262172284644,4197,20,32683,36797.6699847416,
3894800,529920.6,1856.84615384615,1371994.23076923,1942304,18947590.4192308,5034546.26538462,13913044.1538462,8,2301000,387638.4,265.034615384615,4184,20,31928,35405.1134368,
3894800,533282.014814815,1860.24074074074,1372164.05925926,1942304,18867820.0592593,5348089.18518519,13519730.8740741,8,2299840.74074074,392321.281481481,259.474074074074,4185,20,33152,35999.723648,
3894800,539333.25,1866.63235294118,1372570.79411765,1942304,18319709.9705882,5393437.67647059,12926272.2941176,8,2300404.41176471,396988.110294118,290.213235294118,4185,20,32659,39665.7399054044,
3894800,528973.992673993,1856.95604395604,1373089.18681319,1942304,19042306.5494506,4991873.52380952,14050433.025641,8,2300054.94505495,401583.666666667,264.989010989011,4187,20,32876,36476.2175227253,
3894800,526639.117647059,1854.65808823529,1373063.85294118,1942304,19389276.6360294,5308518.87132353,14080757.7647059,8,2299849.26470588,406233.893382353,263.036764705882,4182,20,32757,36033.34695075,
3894800,523279.909433962,1851.47169811321,1373063.87924528,1942304,19398214.0075472,4751488.06037736,14646725.9471698,8,2301000,410878.867924528,263.433962264151,4183,20,31918,35171.8570231698,
3894800,526707.45323741,1855.12230215827,1373457.36690648,1942304,19142917.8705036,4913483.56834532,14229434.3021583,8,2300690.64748201,415593.226618705,266.298561151079,4183,20,33452,37263.0820330791,
3894800,512140.427983539,1847.82716049383,1380576.18106996,1942304,19723499.4238683,4853357.99176955,14870141.4320988,8,2301000,419997.144032922,300.40329218107,4189,20,28952,36432.8896466831,
3894800,506788.015444015,1843.19305019305,1380951.18146718,1942304,18549837.1891892,5105827.02702703,13444010.1621622,8,2301000,424433.644787645,293.389961389961,4189,20,31295,38461.8851078764,
3894800,502317.932075472,1838.63396226415,1381017.11698113,1942304,18976888.6943396,4763659.83396226,14213228.8603774,8,2300388.67924528,428956.256603774,275.249056603774,4189,20,31980,36873.5251736604,
3894800,499687.636363636,1836.07575757576,1380988,1942304,19640748.2272727,5671082.01515152,13969666.2121212,8,2298795.45454545,433466.924242424,260.863636363636,4189,20,31925,34886.2918943182,
3894800,504882.498084291,1841.19157088123,1380987.98467433,1942304,19007614.137931,5118322.27586207,13889291.862069,8,2300670.49808429,438016.229885058,266.724137931034,4189,20,31557,35258.870057069,
3894800,510659.563909774,1846.73684210526,1380990.64661654,1942304,18904727.9699248,4827366.91729323,14077361.0526316,8,2300676.69172932,442617.082706767,264.87969924812,4187,20,32151,35657.1083704737,
3894800,508743.645756458,1844.85239852399,1380995.86715867,1942304,18886442.095941,5309947.27675277,13576494.8191882,8,2301000,447274.450184502,260.756457564576,4187,20,32738,35742.9322287454,
3894800,508712.176470588,1844.87132352941,1380996.52941176,1942304,19073159.6470588,5030847.38235294,14042312.2647059,8,2300088.23529412,451968.422794118,266.797794117647,4183,20,32610,36393.2547848162,
3894800,517527.326164875,1853.68100358423,1381255.22580645,1942304,19140762.6953405,5070341.44802867,14070421.2473118,8,2301000,456670.021505376,222.971326164875,4183,20,33668,31401.7751827814,
3894800,519372.388059702,1857.3171641791,1383096.1641791,1942304,19290120.8955224,5130137.28358209,14159983.6119403,8,2300395.52238806,461353.694029851,200.988805970149,4183,20,32403,27242.3742906157,
3894800,515051.925373134,1853.12313432836,1383097.11940299,1942304,19407367.761194,4888193.31343284,14519174.4477612,8,2301000,466011.567164179,194.078358208955,4183,20,32511,26393.3977301082,
