total_memory,free_memory,available_memory,cache_memory,swap_total_memory,app_total_memory,app_free_memory,app_used_memory,no_of_processor,max_cpu_frequency,cputime,current,voltage,process,time,energy
7819104,452277.735849057,3107.45911949685,2730344.35220126,2097148,7841645.74842767,1226913.87421384,6614731.87421384,8,2344573.58490566,1302.94968553459,649.100628930818,3942,20,8193,20963.8770870566
7819104,437210.523076923,3093.46923076923,2731146.06153846,2097148,7742129.80769231,789120.146153846,6953009.66153846,8,1957218.46153846,2449.51538461538,557.353846153846,3942,20,5971,13118.8175922462
7819104,328722.868292683,2989.6,2733220.62439024,2097148,6004861.82439024,388623.580487805,5616238.24390244,8,1808920.97560976,4844.70243902439,522.463414634146,3942,20,5967,12289.3395071707
7819104,291644.019512195,2954.91219512195,2734697.83414634,2097148,6006432.02926829,420630.273170732,5585801.75609756,8,1798150.24390244,8224.32195121951,486.229268292683,3936.90731707317,20,6052,11584.9778420336
7819104,291462.076190476,2955.53333333333,2735613.33333333,2097148,6101148.83333333,419139.195238095,5682009.63809524,8,1769874.28571429,11648.9761904762,443.419047619048,3924,20,6935,12066.7359377143
7819104,286283.52,2950.60333333333,2735663.96,2097148,5777756.28666667,370941.006666667,5406815.28,8,1768576,16095.1466666667,411.84,3924,20,21200,34260.475392
7819104,285376.436860068,2949.98976109215,2735933.80204778,2097148,5944828.99317406,358597.375426621,5586231.61774744,8,1778653.92491468,19358.4914675768,428.638225255973,3924,20,20742,34887.5544038498
7819104,293496.561643836,2959.38698630137,2737431.06849315,2097148,6081766.35273973,397864.462328767,5683901.89041096,8,1803813.69863014,22614.1678082192,484.277397260274,3923.54452054794,20,20328,38624.9060974456
7819104,303586.075085324,2968.32423208191,2736523.76791809,2097148,6018384.03754266,518062.399317406,5500321.63822526,8,1823475.76791809,25386.6928327645,496.447098976109,3914.34470989761,20,20416,39673.6997838814
7819104,434672.993103448,3028.51379310345,2667079.5862069,2097148,7326743.97586207,989123.286206897,6337620.68965517,8,2285197.24137931,14388.2482758621,585.610344827586,3895.86206896552,20,19836,45254.9836228966
7819104,212035.552631579,2790.30263157895,2645691.86842105,2097148,5587179.11842105,405075.27631579,5182103.84210526,8,2104926.31578947,23473.2105263158,665.302631578947,3857,20,20246,51952.6987735
7819104,180620.363636364,2765.2012987013,2651455.06493506,2097148,5407301.81168831,395650.798701299,5011651.01298701,8,2024228.57142857,26891.3896103896,743.922077922078,3860,20,20371,58496.1254664935
7819104,117262.091503268,2709.71895424837,2658011.81699346,2097148,5356147.33986928,363268.124183007,4992879.21568627,8,2033568.62745098,30374,731.137254901961,3836,20,20611,57806.4867695686
7819104,116545.197278912,2711.89115646259,2660980.84353741,2097148,5573194.59183673,418278.891156463,5154915.70068027,8,1922612.24489796,33764.4285714286,664.43537414966,3836,20,20006,50990.7745493333
7819104,110033.934640523,2710.69281045752,2666228.20915033,2097148,5689300.90849673,423286.738562091,5266014.16993464,8,1926400,37158.3333333333,665.529411764706,3832,20,20607,52554.2115021176
7819104,98849.4901960784,2702.86928104575,2669363.03267974,2097148,5542149.21568627,348953.973856209,5193195.24183006,8,1927027.45098039,40638.9411764706,655.052287581699,3832,20,20615,51746.9559453595
7819104,104581.777777778,2709.67973856209,2670560.31372549,2097148,5803876.50980392,361412.14379085,5442464.36601307,8,1957019.60784314,44051.4640522876,602.843137254902,3846,20,20455,47425.6274088235
7819104,108775.847133758,2704.85350318471,2661430.80254777,2097148,6390113.14012739,361067.076433121,6029046.06369427,8,1961457.32484076,47418.2738853503,560.28025477707,3842,20,20944,45083.9860985478
7819104,107133.972972973,2697.88513513513,2655918.75675676,2097148,5744058.51351351,443591.27027027,5300467.24324324,8,1930118.91891892,50684.1554054054,643.763513513514,3842,20,19723,48781.6733593378
7819104,106613.866666667,2703.77333333333,2662524.58666667,2097148,5846916.55333333,427012.766666667,5419903.78666667,8,1874816,54046.4333333333,665.793333333333,3842,20,20387,52149.4972141733
7819104,339456.675105485,3134.26160337553,2870653.92405063,2097148,5779471.19831224,293667.383966245,5485803.81434599,8,1979787.34177215,2863.80168776371,575.037974683544,3764.59915611814,20,8153,17649.5122773936
7819104,242250.254901961,3053,2884615.94117647,2097148,6035515.59313726,404032.142156863,5631483.45098039,8,2014682.35294118,6114.56862745098,566.857843137255,3770,20,5980,12779.5833303922
7819104,195136.338308458,3014.33333333333,2892117.35323383,2097148,6719150.88059702,471765.726368159,6247385.15422886,8,1869564.17910448,9393.09452736318,490.970149253731,3770,20,5941,10996.5382858209
7819104,194160.303030303,3013.01515151515,2891802.94949495,2097148,6738548.65656566,397199.080808081,6341349.57575758,8,1846884.84848485,12559.4898989899,451.868686868687,3770,20,6044,10296.2256747475
7819104,193107.656565657,3011.81818181818,2891637.01010101,2097148,6463033.73737374,345198.666666667,6117835.07070707,8,1853381.81818182,15717.5404040404,497.747474747475,3775.37373737374,20,5815,10927.4476563932
7819104,217435.75879397,3035.84924623116,2891867.59798995,2097148,6538181.45226131,379830.175879397,6158351.27638191,8,1857382.91457286,18948.1859296482,451.844221105528,3789,20,5979,10236.2737297839
7819104,240256.835820896,3059.45771144279,2893238.4079602,2097148,6669781.9800995,377436.905472637,6292345.07462687,8,1879880.59701493,22128.5074626866,450.119402985075,3789,20,6030,10284.17958
7819104,278159.386138614,3096.90099009901,2893637.22772277,2097148,6701694.65346535,436972.118811881,6264722.53465347,8,1891200,25302.4504950495,496.183168316832,3792.44554455446,20,5992,11275.4318946288
7819104,277913.671641791,3097.69651741294,2894732.7761194,2097148,6617987.31343284,432732.547263682,6185254.76616915,8,1920000,28462.9751243781,435.034825870647,3801.57711442786,20,6118,10118.0612037388
7819104,280719.921182266,3103.03940886699,2897432.1773399,2097148,6761799.25123153,595928.472906404,6165870.77832512,8,2131862.06896552,22282.3103448276,-433.995073891626,3939.56157635468,20,6022,-10296.1164115674
7819104,360618.866666667,3185.8,2902251.06666667,2097148,8962410.43333333,1176884.03333333,7785526.4,8,2803200,9590.68333333333,740.6,3726,20,6223,17172.2166588
7819104,358502.965517241,3183.75862068966,2902257.86206897,2097148,9022033.79310345,1432575.17241379,7589458.62068966,8,2803200,10495.275862069,763.741379310345,3726,20,6076,17290.4755046897
7819104,357779.586206897,3183.05172413793,2902262.20689655,2097148,8953756.5862069,1550194.93103448,7403561.65517241,8,2785324.13793103,11379.8965517241,703.965517241379,3726,20,5963,15640.8030093103
7819104,357676.13559322,3183,2902266.0338983,2097148,9201724.86440678,1149472.66101695,8052252.20338983,8,2785627.11864407,12271.9491525424,672.237288135593,3726,20,6148,15399.2407216271
7819104,357433.862068966,3182.63793103448,2902272.82758621,2097148,8874646.74137931,1073641.63793103,7801005.10344828,8,2782675.86206897,13170.4827586207,657.465517241379,3823,20,6002,15085.9710158276
7819104,356994.576271186,3182.40677966102,2902278.50847458,2097148,8829703.84745763,1283802.01694915,7545901.83050847,8,2785627.11864407,14069.813559322,733.169491525424,3725,20,6061,16552.9325733051
7819104,355771.79661017,3181.10169491525,2902282.71186441,2097148,9616764.42372881,1383261.10169492,8233503.3220339,8,2768054.23728814,14960.6101694915,739.305084745763,3725,20,6064,16699.7189762712
7819104,356296.965517241,3181.62068965517,2902287.86206897,2097148,8417205.62068966,1175332.79310345,7241872.82758621,8,2803200,15846.9655172414,763.965517241379,3725,20,5981,17020.5596508621
7819104,355452.912280702,3180.75438596491,2902286.87719298,2097148,9619622.15789474,1472519.56140351,8147102.59649123,8,2770863.15789474,16715.9824561404,705.578947368421,3725,20,5870,15428.0128684211
7819104,355330.413793103,3180.72413793103,2902288.62068966,2097148,9420910.29310345,1166182.43103448,8254727.86206896,8,2786648.27586207,17582.9137931035,654.965517241379,3725,20,5998,14633.5998172414
7819104,355630.915254237,3181.15254237288,2902355.38983051,2097148,8763812.40677966,1038793.69491525,7725018.71186441,8,2803200,18486.813559322,648.271186440678,3725,20,6107,14747.2457050847
7819104,355139.24137931,3180.46551724138,2902355.72413793,2097148,8692544.84482759,1111311.87931035,7581232.96551724,8,2803200,19382.5172413793,761.534482758621,3706,20,6004,16944.7697457931
7819104,354062.733333333,3179.46666666667,2902356,2097148,8877146.21666667,1196188.21666667,7680958,8,2781760,20282.15,729.5,3830,20,6174,17250.06339
7819104,354498.620689655,3180,2902489.93103448,2097148,8902133.17241379,1305469.5862069,7596663.5862069,8,2803200,21176.275862069,735.862068965517,3830,20,6038,17017.2077103448
7819104,353385.866666667,3179.1,2902516,2097148,9338877.18333333,1262871.58333333,8076005.6,8,2803200,22076.8,673.483333333333,3830,20,6150,15863.563175
7819104,352234.896551724,3177.96551724138,2902515.5862069,2097148,9619095.32758621,1035295.60344828,8583799.72413793,8,2785324.13793103,22962.5172413793,650.413793103448,3830,20,5990,14921.5981172414
7819104,351054.551724138,3176.63793103448,2902502.96551724,2097148,8673376.84482759,1289501.39655172,7383875.44827586,8,2803200,23845.6896551724,771.551724137931,3830,20,5987,17691.8430603448
7819104,350018.206896552,3175.62068965517,2902488.20689655,2097148,8790057.93103448,1279285.24137931,7510772.68965517,8,2803200,24727.224137931,744.137931034483,3830,20,5946,16946.3870482759
7819104,350145.172413793,3175.8275862069,2902487.72413793,2097148,9346532.01724138,1774725.39655172,7571806.62068966,8,2803200,25604.0517241379,714.189655172414,3828,20,6030,16485.52554
7819104,385777.824561403,3210.57894736842,2902491.29824561,2097148,10636897.5614035,1528865.98245614,9108031.57894737,8,2803200,26460.8245614035,667.298245614035,3828,20,5880,15019.9759831579
7819104,386843.103448276,3211.68965517241,2902548,2097148,8413731.15517241,1248319.70689655,7165411.44827586,8,2803200,27339.4827586207,661.01724137931,3828,20,5998,15177.183252
7819104,387062.551724138,3211.84482758621,2902556,2097148,8504432.70689655,1130849.12068966,7373583.5862069,8,2803200,28228.1551724138,687.534482758621,3828,20,6018,15838.665876
7819104,385839.862068965,3210.62068965517,2902564,2097148,9049734.25862069,1090463.0862069,7959271.17241379,8,2803200,29116.9655172414,746.51724137931,3828,20,5944,16985.978592
7819104,386255.24137931,3211.25862068966,2902563.93103448,2097148,9017660.31034483,1433666.65517241,7583993.65517241,8,2803200,29995.2586206897,733.827586206897,3828,20,5993,16834.888356
7819104,386070.372881356,3211.05084745763,2902564.54237288,2097148,9093333.89830509,1195148.54237288,7898185.3559322,8,2803200,30890.406779661,696.983050847458,3828,20,6072,16200.4063924068
7819104,385129.2,3210.06666666667,2902564,2097148,9228750.98333333,1481686.18333333,7747064.8,8,2803200,31788.05,680.6,3702,20,6176,15560.9334912
7819104,384340.666666667,3209.21666666667,2902564.46666667,2097148,9138352.4,1108284.8,8030067.6,8,2803200,32689.3666666667,647.966666666667,3702,20,6149,14750.0527174
7819104,383790.576271186,3208.76271186441,2902563.52542373,2097148,9029474.05084746,1441961.23728814,7587512.81355932,8,2788230.50847458,33585,763.661016949153,3702,20,6168,17437.3867867119
7819104,383090.620689655,3208,2902564,2097148,9411352.68965517,1113881.24137931,8297471.44827586,8,2803200,34483.3275862069,735.275862068966,3703,20,5969,16251.9545814138
7819104,384364.068965517,3209.29310344828,2902566.62068965,2097148,8798948.65517241,1066619.82758621,7732328.82758621,8,2796248.27586207,35363.8275862069,715.586206896552,3703,20,6020,15951.8906593103
7819104,384083.034482759,3208.98275862069,2902624,2097148,9050907.82758621,1378105.89655172,7672801.93103448,8,2803200,36258.224137931,673.862068965517,3703,20,5983,14929.4471571724
7819104,383543.379310345,3208.51724137931,2902628,2097148,8588555.9137931,1301439.5,7287116.4137931,8,2803200,37140.5172413793,659.603448275862,3703,20,6026,14718.5747145862
7819104,382612.137931034,3207.60344827586,2902632,2097148,8759571.34482759,1281671.62068966,7477899.72413793,8,2803200,38034.6034482759,752.206896551724,3703,20,6032,16801.666336
7819104,381042.6,3206.13333333333,2902632,2097148,8777869,993803.133333333,7784065.86666667,8,2803200,38938.7333333333,736.833333333333,3708,20,6161,16832.948658
7819104,381840.551724138,3206.94827586207,2902632,2097148,8692999.89655172,1096922.93103448,7596076.96551724,8,2785324.13793103,39831.2586206897,718.48275862069,3708,20,5979,15928.8575983448
7819104,381202.245614035,3206.26315789474,2902636,2097148,9287211.64912281,1150139.64912281,8137072,8,2766821.05263158,40704.2456140351,693.017543859649,3708,20,5933,15246.0838092632
7819104,381236.466666667,3206.33333333333,2902636,2097148,9180223.45,1396188.78333333,7784034.66666667,8,2803200,41578.3,660.416666666667,3708,20,6073,14871.714225
7819104,380379.933333333,3205.46666666667,2902636,2097148,9134570.71666667,1285947.65,7848623.06666667,8,2785920,42481.5166666667,645.683333333333,3708,20,6186,14810.4828468
7819104,381336.206896552,3206.39655172414,2902635.5862069,2097148,8821382.0862069,1267724.56896552,7553657.51724138,8,2785324.13793103,43373.4827586207,750.775862068965,3708,20,5977,16639.2322106897
7819104,385016.275862069,3210,2902640,2097148,9084382.60344828,1147238.05172414,7937144.55172414,8,2797572.4137931,44255.8965517241,728.275862068965,3820,20,6010,16719.9028965517
7819104,384363.86440678,3209.4406779661,2902703.66101695,2097148,8850741.81355932,1182973.6779661,7667768.13559322,8,2803200,45155.3389830509,699.237288135593,3820,20,6107,16312.3248932203
7819104,383547.586206897,3208.68965517241,2902703.51724138,2097148,8570160.34482759,1313246.82758621,7256913.51724138,8,2777048.27586207,46049.4827586207,681.862068965517,3820,20,6032,15711.62944
7819104,383202.847457627,3208.25423728814,2902703.86440678,2097148,8430773.77966102,1068295.81355932,7362477.9661017,8,2803200,46948.8644067797,654.71186440678,3820,20,6029,15078.5249125424
7819104,382598.372881356,3207.76271186441,2902712,2097148,8967705.18644068,1451848.6440678,7515856.54237288,8,2803200,47840.2372881356,745.71186440678,3820,20,6125,17447.7933474576
7819104,383273.724137931,3208.3275862069,2902712,2097148,8637891.96551724,1184602.5862069,7453289.37931035,8,2803200,48737.1896551724,740.827586206897,3820,20,5995,16965.6184689655
7819104,379766.508474576,3204.84745762712,2902711.59322034,2097148,9151857.83050847,1150192.47457627,8001665.3559322,8,2803200,49622.2881355932,724.016949152542,3820,20,6118,16920.8263545763
7819104,379579.186440678,3204.71186440678,2902711.86440678,2097148,9027015.28813559,1206832.50847458,7820182.77966102,8,2800596.61016949,50523.1186440678,690.186440677966,3820,20,6058,15971.9909281356
7819104,378067.525423729,3203.3220338983,2902711.93220339,2097148,9481559.54237288,870852.559322034,8610706.98305085,8,2803200,51408.7966101695,648.169491525424,3820,20,6053,14987.2731410169
7819104,379410.965517241,3204.72413793103,2902712,2097148,8982586.17241379,1444141.34482759,7538444.82758621,8,2789296.55172414,52293.1379310345,721.844827586207,3820,20,6020,16599.8323931035
7819104,379260.965517241,3204.36206896552,2902712,2097148,8467858.86206897,1115224.10344828,7352634.75862069,8,2785324.13793103,53184.4137931035,770.655172413793,3816,20,6002,17650.8024678621
7819104,377559.793103448,3202.81034482759,2902772,2097148,9394858.0862069,954940.568965517,8439917.51724138,8,2803200,54071.8275862069,724.155172413793,3816,20,6037,16682.5017446897
7819104,378145.866666667,3203.53333333333,2902772,2097148,9318891.7,1197114.1,8121777.6,8,2785920,54958.7,694.75,3816,20,6129,16248.996414
7819104,377508,3202.8,2902772,2097148,9242534.71666667,929167.916666667,8313366.8,8,2803200,55869.6166666667,668.966666666667,3816,20,6159,15722.5523112
7819104,377138.344827586,3202.48275862069,2902772,2097148,8837173.48275862,1151466.03448276,7685707.44827586,8,2803200,56761.8103448276,644.896551724138,3816,20,5936,14608.0522328276
7819104,384977.379310345,3210.03448275862,2902760.62068965,2097148,8483893.53448276,1154744.15517241,7329149.37931035,8,2803200,57643.6724137931,768.396551724138,3816,20,6010,17622.5294606897
7819104,495570.689655172,3317.77586206897,2902552,2097148,8366860.37931035,1069461.89655172,7297398.48275862,8,2790951.72413793,58534.0689655172,747.310344827586,3816,20,6027,17187.4145346207
7819104,495045.931034483,3317.39655172414,2902551.65517241,2097148,9128101.55172414,1333880.44827586,7794221.10344828,8,2803200,59425.1724137931,700.793103448276,3816,20,6029,16122.9114645517
7819104,493768.338983051,3316.10169491525,2902556,2097148,9014158.6440678,1311438.37288136,7702720.27118644,8,2803200,60319.186440678,667.847457627119,3813,20,6129,15607.5129395085
7819104,493881.586206897,3316.37931034483,2902560,2097148,8718603,1034147.96551724,7684455.03448276,8,2787972.4137931,61217.1034482759,649,3813,20,5989,14820.600993
7819104,494969.084745763,3317.25423728814,2902560,2097148,9509118.61016949,1425769.59322034,8083349.01694915,8,2803200,62102.4576271187,741.559322033898,3813,20,6064,17146.3583739661
7819104,493659.862068966,3316.03448275862,2902614.96551724,2097148,8549223.5,1078369.29310345,7470854.20689655,8,2803200,62995.8103448276,760.48275862069,3813,20,6009,17424.4220385517
7819104,491829.6,3314.23333333333,2902620,2097148,8978480.6,1264349,7714131.6,8,2803200,63898.2166666667,700.416666666667,3813,20,6179,16502.18578625
7819104,490046.779661017,3312.61016949153,2902620,2097148,9011182.84745763,1067668.13559322,7943514.71186441,8,2785627.11864407,64797.4576271186,685.186440677966,3813,20,6065,15845.5154232203
7819104,490030.137931035,3312.46551724138,2902620,2097148,8544291.13793103,1426540.37931034,7117750.75862069,8,2803200,65682.8620689655,671.275862068965,3813,20,5947,15221.7917047241
7819104,489919.793103448,3312.51724137931,2902620,2097148,8757076.62068965,767722.275862069,7989354.34482759,8,2803200,66565.3448275862,663.068965517241,3813,20,5998,15164.6352291724
7819104,486589.6,3309.16363636364,2902618.90909091,2097148,12569721.4181818,2668996.32727273,9900725.09090909,8,2803200,67391.2181818182,734,3813,20,5674,15880.062108
7819104,452555.655172414,3287.22413793103,2914215.72413793,2097148,8470055.27586207,1353431.13793103,7116624.13793104,8,2803200,68230.3448275862,749.896551724138,3696,20,6027,16704.5396077241
7819104,445999.050847458,3284,2917372,2097148,8844797.52542373,1214279.15254237,7630518.37288136,8,2803200,69136.1694915254,700.610169491525,3696,20,6099,15793.0871821017
7819104,446458.689655172,3284.41379310345,2917384,2097148,9210770.5,1214870.77586207,7995899.72413793,8,2785324.13793103,70026.8448275862,661.827586206897,3696,20,6036,14764.7486830345
7819104,448311.389830509,3286.15254237288,2917360.13559322,2097148,9326721.45762712,1036589.11864407,8290132.33898305,8,2803200,70920.4406779661,642.084745762712,3696,20,6109,14497.5441510509
7819104,448264.666666667,3286.16666666667,2917406.2,2097148,8783229.81666667,1352361.81666667,7430868,8,2788480,71821.3333333333,755.466666666667,3696,20,6147,17163.6829056
7819104,447128.137931035,3285.08620689655,2917407.86206897,2097148,8848509.72413793,1163276.89655172,7685232.82758621,8,2798896.55172414,72710.5172413793,741.293103448276,3696,20,5981,16386.8592951724
7819104,446011.24137931,3284.10344827586,2917412,2097148,9134593.53448276,1119892.29310345,8014701.24137931,8,2785324.13793103,73593.0172413793,707.51724137931,3696,20,6020,15742.2020193103
7819104,445336.542372881,3283.27118644068,2917411.25423729,2097148,8862778.81355932,1065337.45762712,7797441.3559322,8,2785627.11864407,74491.1525423729,676.474576271187,3696,20,6040,15101.5102047458
7819104,445838.068965517,3283.75862068966,2917414.68965517,2097148,9269878.4137931,1370173.31034483,7899705.10344828,8,2787972.4137931,75377.775862069,652.310344827586,3696,20,6029,14535.5514388966
7819104,445892.965517241,3283.87931034483,2917417.79310345,2097148,8519547.18965517,1139459.32758621,7380087.86206897,8,2785324.13793103,76265.7931034483,760.862068965517,3696,20,5972,16794.1371475862
7819104,459374.137931034,3296.94827586207,2917424,2097148,9621211.25862069,1034635.53448276,8586575.72413793,8,2803200,77146.4655172414,754.775862068965,3700,20,6029,16837.011587931
7819104,466165.862068966,3303.6724137931,2917424,2097148,8549002.63793103,1205142.9137931,7343859.72413793,8,2803200,78041.3448275862,720.48275862069,3700,20,6014,16032.0382482759
7819104,465340.482758621,3302.91379310345,2917440,2097148,8517095.03448276,1034615.17241379,7482479.86206897,8,2796248.27586207,78932.9482758621,690.827586206897,3700,20,6012,15367.0451586207
7819104,466174.620689655,3303.8275862069,2917440,2097148,8538317.67241379,873590.5,7664727.17241379,8,2803200,79823.1551724138,667.413793103448,3700,20,5997,14809.1779137931
7819104,466026.305084746,3303.59322033898,2917500,2097148,8343483.52542373,953555.661016949,7389927.86440678,8,2803200,80725.8983050848,675,3700,20,6042,15089.895
7819104,465813.733333333,3303.31666666667,2917500,2097148,8824810.35,1399420.21666667,7425390.13333333,8,2803200,81620.5,737.866666666667,3700,20,6168,16839.29792
7819104,467054.965517241,3304.79310344828,2917507.51724138,2097148,8749539.20689655,1218127.06896552,7531412.13793104,8,2803200,82516.1034482759,731.379310344828,3700,20,6009,16260.9756206897
7819104,482325.24137931,3319.48275862069,2917482.89655172,2097148,8636324.17241379,1213194.79310345,7423129.37931035,8,2803200,83397.1379310345,697.913793103448,3693,20,6003,15472.1060145
7819104,481944.551724138,3319.15517241379,2917487.5862069,2097148,8810227.06896552,1116939.48275862,7693287.5862069,8,2803200,84286.0689655172,679.586206896552,3695,20,6034,15151.802622069
7819104,481744.965517241,3318.93103448276,2917492,2097148,8725615.63793103,1460824.05172414,7264791.5862069,8,2787972.4137931,85175.2931034483,645.344827586207,3695,20,5986,14273.9111396552
7819104,480477.172413793,3317.81034482759,2917492,2097148,9544331.5,944393.293103448,8599938.20689655,8,2798896.55172414,86054.5,750.327586206897,3695,20,6010,16662.4871905172
7819104,481174.915254237,3318.35593220339,2917492,2097148,8687557.44067797,1247418.45762712,7440138.98305085,8,2803200,86953.1694915254,743.220338983051,3695,20,6042,16592.535279661
7819104,481395.655172414,3318.55172413793,2917492,2097148,8547060.34482759,1026385.31034483,7520675.03448276,8,2798896.55172414,87843.3620689655,712.724137931035,3695,20,5979,15745.7903084483
7819104,483003.310344828,3320.15517241379,2917492,2097148,8650782.34482759,1401879.31034483,7248903.03448276,8,2803200,88732.5172413793,677.241379310345,3695,20,6033,15097.0208068966
7819104,481488.344827586,3318.81034482759,2917548,2097148,8592912.36206897,1265856.36206897,7327056,8,2800551.72413793,89627.3448275862,651.01724137931,3695,20,5984,14394.564102069
7819104,480542.137931035,3317.86206896552,2917548,2097148,8671909.81034483,1185023.46551724,7486886.34482759,8,2803200,90512.8620689655,768.344827586207,3695,20,5971,16951.8728375862
7819104,479048.701754386,3316.36842105263,2917548.70175439,2097148,10045780.5614035,1616848.07017544,8428932.49122807,8,2803200,91369.9122807018,741,3706,20,5868,16114.384728
7819104,479871.087719298,3317.10526315789,2917548,2097148,9030346.21052632,1448315.89473684,7582030.31578947,8,2803200,92224.9122807018,715.035087719298,3690,20,5935,15659.3756763158
7819104,480506.206896552,3317.84482758621,2917548,2097148,8687385.48275862,1144626.72413793,7542758.75862069,8,2803200,93107.0862068965,700.793103448276,3690,20,5961,15414.7081748276
7819104,479759.034482759,3317.03448275862,2917551.5862069,2097148,9158942.74137931,1536407.70689655,7622535.03448276,8,2803200,93985.4482758621,659.672413793103,3690,20,6015,14641.6601094828
7819104,479716,3317.01694915254,2917552,2097148,9030191.55932203,1224940.71186441,7805250.84745763,8,2785301.69491525,94887.1016949153,681.966101694915,3690,20,6137,15443.4838149153
7819104,477178.763636364,3314.58181818182,2917552,2097148,12340699.7818182,2607852.8,9732846.98181818,8,2803200,95723.2727272727,741.636363636364,3690,20,5685,15557.7880636364
7819104,477835.655172414,3315.29310344828,2917552,2097148,9439208.10344827,1094967.82758621,8344240.27586207,8,2803200,96569,723.379310344828,3690,20,5977,15954.2247289655
7819104,479265.052631579,3316.56140350877,2917553.26315789,2097148,9179095.64912281,1113441.89473684,8065653.75438596,8,2803200,97436.4210526316,712.385964912281,3690,20,5926,15577.7011515789
7819104,478826.344827586,3316.20689655172,2917620,2097148,9352129.63793103,1493709.9137931,7858419.72413793,8,2803200,98324.2586206896,666.275862068965,3690,20,6048,14869.3583668966
7819104,482942.896551724,3320.27586206897,2917620,2097148,8370173.01724138,945392.603448276,7424780.4137931,8,2803200,99215.4310344828,641.01724137931,3690,20,6035,14274.9091008621
7819104,484123.133333333,3321.46666666667,2917620,2097148,8948943.98333333,1167502.91666667,7781441.06666667,8,2788480,100109.916666667,747.583333333333,3800.13333333333,20,6048,17181.8620512
7819104,483719.379310345,3321.03448275862,2917620,2097148,9016667.96551724,1484301.62068966,7532366.34482759,8,2803200,101002.637931034,741.034482758621,3802,20,5988,16870.6696634483
7819104,483847.448275862,3321.10344827586,2917620,2097148,8849268.17241379,1281235.75862069,7568032.4137931,8,2803200,101877.982758621,710.896551724138,3802,20,6007,16235.8919387586
7819104,481773.152542373,3319.1186440678,2917620,2097148,8410050.50847457,1071513.69491525,7338536.81355932,8,2798969.49152542,102771.86440678,687.762711864407,3802,20,6022,15746.770207322
7819104,548603.525423729,3384.27118644068,2917424.13559322,2097148,9213626.11864407,1086434.66101695,8127191.45762712,8,2803200,103659.559322034,657.084745762712,3802,20,6131,15316.6861629831
7819104,559053.24137931,3394.3275862069,2917380,2097148,8634633.32758621,1234754.56896552,7399878.75862069,8,2803200,104553.603448276,778.310344827586,3802,20,5960,17636.4501489655
7819104,558680.677966102,3393.94915254237,2917380,2097148,9147761.40677966,1204811.03389831,7942950.37288136,8,2789532.20338983,105435.915254237,732.728813559322,3802,20,6126,17066.0248985085
7819104,558178.413793103,3393.46551724138,2917379.93103448,2097148,9163867.98275862,1741487.29310345,7422380.68965517,8,2803200,106325.637931034,713.275862068965,3802,20,5988,16238.7064675862
7819104,557808.474576271,3393.30508474576,2917439.59322034,2097148,9285854.91525424,1540260.88135593,7745594.03389831,8,2803200,107216.525423729,682.118644067797,3802,20,6070,15742.0295644068
7819104,557849.931034483,3393.34482758621,2917440,2097148,8338810.03448276,1258619.82758621,7080190.20689655,8,2786648.27586207,108104.586206897,669.155172413793,3689,20,6001,14813.5490996379
7819104,556589.355932203,3391.96610169492,2917440,2097148,9115449.98305085,1308748.83050847,7806701.15254237,8,2803200,108995.559322034,696.220338983051,3689,20,6090,15641.2930977966
7819104,556766.068965517,3392.15517241379,2917439.65517241,2097148,8935516.75862069,1386728.75862069,7548788,8,2803200,109883.275862069,742.413793103448,3770,20,6021,16852.1769
7819104,556772,3392.13559322034,2917440,2097148,8226523.62711864,925412.169491525,7301111.45762712,8,2803200,110788.203389831,734.627118644068,3770,20,6060,16783.4380779661
7819104,556342.237288136,3391.74576271186,2917440,2097148,8458874.06779661,914974.13559322,7543899.93220339,8,2777491.52542373,111693.288135593,701.135593220339,3770,20,6043,15973.348209661
7819104,556722.137931034,3392.24137931034,2917444,2097148,8823835.77586207,1514922.67241379,7308913.10344828,8,2803200,112581.724137931,661.344827586207,3770,20,5985,14922.22095
7819104,555476.137931034,3391.03448275862,2917444,2097148,9302349.32758621,988408.086206897,8313941.24137931,8,2796248.27586207,113468.862068966,651.48275862069,3690,20,5983,14382.9607624138
7819104,555308.344827586,3390.72413793103,2917444,2097148,8859812.96551724,1339772.68965517,7520040.27586207,8,2803200,114349.396551724,764.258620689655,3690,20,6008,16943.2467765517
7819104,555012.280701754,3390.50877192982,2917462.52631579,2097148,9233508.78947369,1422878.33333333,7810630.45614035,8,2785010.52631579,115226.192982456,737.157894736842,3690,20,5910,16075.8656526316
7819104,551093.818181818,3386.70909090909,2917536.14545455,2097148,11737499.7454545,2430579.16363636,9306920.58181818,8,2803200,116049.745454545,697.472727272727,3690,20,5685,14631.3387572727
7819104,552220.551724138,3387.84482758621,2917536,2097148,8345207.37931035,1163675.93103448,7181531.44827586,8,2790951.72413793,116908.327586207,670.706896551724,3695,20,6019,14916.6588742241
7819104,552159.24137931,3387.75862068966,2917536,2097148,8696230.32758621,1533377.63793103,7162852.68965517,8,2803200,117804.275862069,656.98275862069,3695,20,6007,14582.3006176724
7819104,551504.137931034,3387.27586206897,2917536,2097148,8613688.10344828,923950.724137931,7689737.37931035,8,2789296.55172414,118695.689655172,761.827586206897,3695,20,6023,16954.4615036207
7819104,551267.254237288,3386.86440677966,2917536,2097148,9092686.55932203,1306867.57627119,7785818.98305085,8,2789532.20338983,119587.169491525,737.64406779661,3695,20,6112,16658.8356040678
7819104,550791.931034483,3386.41379310345,2917536,2097148,9149264.10344828,1126891,8022373.10344828,8,2789296.55172414,120477.568965517,712.275862068965,3695,20,5958,15680.6177710345
7819104,550296.689655172,3386.03448275862,2917536,2097148,8939196.17241379,1061959.20689655,7877236.96551724,8,2803200,121354.862068966,686.137931034483,3695,20,5968,15130.548982069
7819104,549755.724137931,3385.5,2917536,2097148,9307418.63793103,1348528.70689655,7958889.93103448,8,2789296.55172414,122232.189655172,656.189655172414,3695,20,5983,14506.5061019828
7819104,550256.620689655,3385.84482758621,2917534.75862069,2097148,9201379.44827586,1316927.31034483,7884452.13793104,8,2777048.27586207,123115.672413793,703.206896551724,3695,20,6002,15595.2935955172
7819104,549373.830508475,3385,2917533.28813559,2097148,9317189.91525424,1627130.66101695,7690059.25423729,8,2803200,124006.677966102,735.050847457627,3690,20,6118,16594.0816027119
7819104,547468.13559322,3383.13559322034,2917592,2097148,9465328.94915254,1233398.37288136,8231930.57627119,8,2803200,124902.93220339,720.830508474576,3690,20,6079,16169.3167591525
7819104,548991.118644068,3384.72881355932,2917592,2097148,8693563.01694915,1520357.72881356,7173205.28813559,8,2803200,125800.406779661,686.779661016949,3690,20,6086,15423.2443525424
7819104,548547.133333333,3384.31666666667,2917592,2097148,8831627.93333333,1143398.86666667,7688229.06666667,8,2803200,126704.766666667,668.3,3690,20,6140,15141.40578
7819104,548655.103448276,3384.44827586207,2917592,2097148,9178023.06896552,1455935.89655172,7722087.17241379,8,2785324.13793103,127591.603448276,638.741379310345,3690,20,6024,14198.3010744828
7819104,548037.379310345,3383.89655172414,2917591.72413793,2097148,8595514.37931034,1183446.24137931,7412068.13793104,8,2782675.86206897,128479.172413793,773.534482758621,3690,20,5936,16943.3755448276
7819104,547376.474576271,3383.16949152542,2917591.79661017,2097148,9035696.89830509,1418399.40677966,7617297.49152542,8,2803200,129363.86440678,725.542372881356,3690,20,6105,16344.6195279661
7819104,546344.206896552,3382.13793103448,2917592,2097148,9180746.17241379,1347069.75862069,7833676.4137931,8,2803200,130255.120689655,699.034482758621,3792,20,6019,15954.7965881379
7819104,552298.068965517,3388.08620689655,2917592,2097148,8263162.79310345,1260656.17241379,7002506.62068966,8,2803200,131154.137931035,671.172413793104,3789,20,6023,15316.9243175172
7819104,551261.24137931,3386.93103448276,2917587.17241379,2097148,9160446.12068965,1403317.15517241,7757128.96551724,8,2803200,132037.517241379,638.758620689655,3789,20,5993,14504.5966878621
7819104,551540.551724138,3387.12068965517,2917592,2097148,8839627.48275862,1320169.96551724,7519457.51724138,8,2803200,132922.517241379,771.448275862069,3687,20,5972,16986.3375244138
7819104,552297.931034483,3387.94827586207,2917652.4137931,2097148,8441182.15517241,1487092.0862069,6954090.06896552,8,2803200,133807.879310345,741.551724137931,3687,20,6008,16426.4800510345
7819104,552466.933333333,3388.23333333333,2917652,2097148,8707311.73333333,1597324.13333333,7109987.6,8,2797760,134708.1,706.45,3687,20,6145,16005.76566675
7819104,551490.644067797,3387.30508474576,2917652,2097148,9372279.16949153,1158149.40677966,8214129.76271186,8,2803200,135599.033898305,680.881355932203,3687,20,6096,15303.4566736271
7819104,553337.793103448,3389.01724137931,2917652,2097148,8510463.93103448,1215642.13793103,7294821.79310345,8,2797572.4137931,136494.068965517,657.689655172414,3687,20,6013,14580.9342745862
7819104,551947.310344828,3387.62068965517,2917651.86206897,2097148,9113132.75862069,1298578.13793103,7814554.62068965,8,2803200,137383.051724138,709.189655172414,3687,20,6021,15743.6039791552
7819104,551141.862068966,3386.81034482759,2917652,2097148,8206491.36206897,1019955.77586207,7186535.5862069,8,2803200,138277.103448276,753.620689655172,3789,20,6053,17284.1526046552
7819104,550648.610169492,3386.28813559322,2917652,2097148,9172902.18644068,1332417.84745763,7840484.33898305,8,2803200,139181.203389831,719.610169491525,3789,20,6059,16520.4871662203
7819104,550871.593220339,3386.61016949153,2917651.3220339,2097148,8905650.91525424,1584670.84745763,7320980.06779661,8,2803200,140077.525423729,704.050847457627,3789,20,6061,16168.6185344237
7819104,550261.931034483,3385.93103448276,2917652,2097148,8998900.03448276,1250265.96551724,7748634.06896552,8,2803200,140959.327586207,662.724137931035,3789,20,5960,14965.9280813793
7819104,549756.551724138,3385.48275862069,2917651.65517241,2097148,9232046.10344828,1243572.86206897,7988473.24137931,8,2789296.55172414,141843.189655172,641.413793103448,3789,20,6029,14652.3803614138
7819104,549387.86440678,3385.30508474576,2917708,2097148,8797601.77966102,1163981.57627119,7633620.20338983,8,2803200,142752.220338983,744.864406779661,3789,20,6070,17131.307810339
7819104,548392.275862069,3384.27586206897,2917708,2097148,8693113.18965517,1120709.32758621,7572403.86206897,8,2789296.55172414,143637.189655172,742.896551724138,3789,20,5948,16742.6387851035
7819104,545551.310344828,3381.46551724138,2917708.48275862,2097148,8802549.13793103,958226.379310345,7844322.75862069,8,2790951.72413793,144514.568965517,711.51724137931,3789,20,5945,16027.35633
7819104,543780.068965517,3379.75862068966,2917720.68965517,2097148,8274533,1046592.86206897,7227940.13793104,8,2803200,145399.637931035,680.293103448276,3693,20,6045,15186.9890956034
7819104,543710.344827586,3379.72413793103,2917720,2097148,8994293.13793103,1359867.62068966,7634425.51724138,8,2803200,146292.120689655,639.793103448276,3790,20,5977,14493.1244075862
7819104,543404.482758621,3379.48275862069,2917720,2097148,9543497.06896552,1192427.82758621,8351069.24137931,8,2803200,147171.913793103,758.758620689655,3790,20,6035,17354.8203655172
7819104,544453.966101695,3380.47457627119,2917720,2097148,8834902.49152542,1093659.23728814,7741243.25423729,8,2803200,148066.322033898,741.881355932203,3790,20,6063,17047.5210452542
7819104,545318.137931035,3381.25862068966,2917720,2097148,8804647.9137931,1458722.39655172,7345925.51724138,8,2786648.27586207,148953.655172414,709.51724137931,3790,20,6009,16158.623702069
7819104,543655.379310345,3379.56896551724,2917720,2097148,9528801.05172414,1083504.22413793,8445296.82758621,8,2803200,149835.913793103,681.206896551724,3790,20,5989,15462.245312069
7819104,542785.4,3378.91666666667,2917720,2097148,9118663.03333333,1303443.43333333,7815219.6,8,2803200,150726.366666667,655.866666666667,3790,20,6161,15314.6112813333
7819104,542216.733333333,3378.33333333333,2917780,2097148,9065106.2,1040736.2,8024370,8,2803200,151630.216666667,742.633333333333,3681,20,6173,16874.7183609
7819104,541659.793103448,3377.94827586207,2917784,2097148,8689505.37931035,1158899.72413793,7530605.65517241,8,2782675.86206897,152523.293103448,747.051724137931,3681,20,6030,16581.8813012069
7819104,541373.448275862,3377.46551724138,2917784,2097148,8771132.13793103,1122664.13793103,7648468,8,2789296.55172414,153415.103448276,723.293103448276,3689,20,5948,15870.6216822759
7819104,541607.517241379,3377.68965517241,2917784,2097148,8777057.05172414,1654570.43103448,7122486.62068965,8,2803200,154294.206896552,689,3689,20,5996,15240.159116
7819104,539803.457627119,3375.91525423729,2917784,2097148,9270412.81355932,924491.728813559,8345921.08474576,8,2792461.01694915,155181.237288136,663.271186440678,3689,20,6130,14998.9294035593
7819104,538064.49122807,3374.45614035088,2917784,2097148,8898869.56140351,1136845.70175439,7762023.85964912,8,2785010.52631579,156073.771929825,661.368421052632,3689,20,5935,14480.1424047368
7819104,537931.525423729,3374.06779661017,2917784,2097148,9196608.23728814,1017127.28813559,8179480.94915254,8,2803200,156945.220338983,752.694915254237,3689,20,5956,16537.9748263729
7819104,537240.068965517,3373.39655172414,2917784,2097148,8862903,1000529.06896552,7862373.93103448,8,2803200,157831.103448276,726.551724137931,3689,20,5939,15918.0006541379
7819104,537585.724137931,3373.84482758621,2917784,2097148,9286859.53448276,1368964.9137931,7917894.62068966,8,2789296.55172414,158705.172413793,690.689655172414,3689,20,6015,15325.9441396552
7819104,537611.586206897,3373.75862068966,2917784,2097148,9293390.15517241,1437110.84482759,7856279.31034483,8,2803200,159584.086206897,659.724137931035,3689,20,6028,14670.4782946207
7819104,537768.620689655,3373.98275862069,2917839.5862069,2097148,8820569.20689655,1356820.37931034,7463748.82758621,8,2803200,160475.775862069,644.120689655172,3689,20,5993,14240.3342162586
7819104,538522.068965517,3374.8275862069,2917840.06896552,2097148,9083909.98275862,1599173.43103448,7484736.55172414,8,2803200,161357,756.534482758621,3689,20,6013,16781.415365569
7819104,537404,3373.58620689655,2917840.55172414,2097148,9225616.96551724,1081569.93103448,8144047.03448276,8,2790951.72413793,162244.275862069,747.965517241379,3681,20,6001,16522.3196748621
7819104,537885.172413793,3374.24137931034,2917840,2097148,8778042.12068966,1062200.18965517,7715841.93103448,8,2803200,163134.275862069,719.137931034483,3681,20,5973,15811.4073832759
7819104,537181.24137931,3373.53448275862,2917844,2097148,8686049.89655172,1115869.75862069,7570180.13793104,8,2803200,164019.655172414,668.5,3681,20,6010,14789.098485
7819104,536445.762711864,3372.76271186441,2917844,2097148,9311480.91525424,951858.13559322,8359622.77966102,8,2803200,164905.915254237,650.389830508475,3681,20,6074,14541.6720841017
7819104,534476.701754386,3370.75438596491,2917846.80701754,2097148,9277890.68421053,1299353.14035088,7978537.54385965,8,2791747.36842105,165787.122807018,772.456140350877,3681,20,5883,16727.7872226316
7819104,533395.931034483,3369.74137931034,2917848,2097148,8392211.82758621,1252046.03448276,7140165.79310345,8,2803200,166663.913793103,740.98275862069,3681,20,6018,16414.4412425172
7819104,532148.275862069,3368.51724137931,2917847.37931034,2097148,9316404.46551724,1322580.60344828,7993823.86206897,8,2803200,167550.24137931,722.98275862069,3681,20,6039,16071.5878887414
7819104,531962.620689655,3368.3275862069,2917847.37931034,2097148,9445362.56896552,1162528.9137931,8282833.65517241,8,2803200,168434.810344828,683.793103448276,3778,20,6018,15546.7227351724
7819104,530263.034482759,3366.72413793103,2917908.34482759,2097148,8618776.79310345,1623526.17241379,6995250.62068966,8,2798896.55172414,169324.948275862,658.5,3679,20,6030,14608.407645
7819104,529257.931034483,3365.8275862069,2917907.72413793,2097148,9129506.17241379,1290669.34482759,7838836.82758621,8,2803200,170211.379310345,717.965517241379,3679,20,5941,15692.5285144483
7819104,529198.508474576,3365.66101694915,2917908,2097148,9194923.66101695,1022401.22033898,8172522.44067797,8,2803200,171091.186440678,747.932203389831,3681,20,6096,16783.1319343729
7819104,528546.896551724,3365.06896551724,2917906.13793103,2097148,9445142.94827586,1013096.05172414,8432046.89655173,8,2803200,171977.948275862,710.344827586207,3681,20,5993,15670.3724068966
7819104,529150.983050847,3365.74576271186,2917912,2097148,9042588.47457627,1329592.54237288,7712995.93220339,8,2803200,172871.474576271,696.101694915254,3681,20,6051,15504.7819011864
7819104,529235.24137931,3365.77586206897,2917912,2097148,8499246.77586207,893781.25862069,7605465.51724138,8,2784000,173761.034482759,665.275862068966,3681,20,6022,14747.1580595172
7819104,527972.701754386,3364.47368421053,2917912.07017544,2097148,9205158.24561404,986201.192982456,8218957.05263158,8,2803200,174638.105263158,660.719298245614,3681,20,5918,14393.2135866316
7819104,524537.24137931,3361.13793103448,2917919.37931034,2097148,8657408.5,1406741.87931034,7250666.62068966,8,2803200,175519.431034483,770.344827586207,3681,20,5990,16985.4794689655
7819104,520859.310344828,3357.55172413793,2917912,2097148,8837897.75862069,1338850.72413793,7499047.03448276,8,2803200,176403.913793103,748.48275862069,3782,20,5977,16919.4632373793
7819104,521358.035087719,3357.98245614035,2917917.61403509,2097148,8905199.71929825,1574079.71929825,7331120,8,2803200,177280.070175439,702.824561403509,3782,20,5933,15770.4034204561
7819104,521006.866666667,3357.78333333333,2917968,2097148,8866431.93333333,1253094.86666667,7613337.06666667,8,2796480,178179.983333333,669.3,3782,20,6183,15650.9821458
7819104,520297.830508475,3357.08474576271,2917968,2097148,8507509.47457627,945212.661016949,7562296.81355932,8,2803200,179086.050847458,653.610169491525,3782,20,6029,14903.4086222712
7819104,519418.068965517,3356.22413793103,2917968,2097148,9119816.44827586,1231512.03448276,7888304.4137931,8,2786648.27586207,179962.603448276,763.413793103448,3782,20,5946,17167.4753209655
7819104,519753.034482759,3356.56896551724,2917968,2097148,8693995.77586207,1442283.0862069,7251712.68965517,8,2794924.13793103,180838.965517241,749.172413793104,3782,20,5998,16994.5536736552
7819104,519349.862068966,3356.22413793103,2917967.65517241,2097148,9456038.98275862,1183247.53448276,8272791.44827586,8,2803200,181724.568965517,697.758620689655,3782,20,6054,15976.0404682759
7819104,517995.931034483,3354.93103448276,2917967.17241379,2097148,8776292.86206897,1195656.31034483,7580636.55172414,8,2803200,182615.155172414,689.379310344828,3782,20,5999,15640.7880777931
7819104,517262.620689655,3354.15517241379,2917968,2097148,8861516.03448276,1403729,7457787.03448276,8,2803200,183499.310344828,657.293103448276,3684,20,5958,14427.1051113103
7819104,516072,3352.98275862069,2917968,2097148,9263666.51724138,1232309.13793103,8031357.37931035,8,2803200,184376.206896552,746,3781,20,6023,16988.630398
7819104,515949.830508475,3352.79661016949,2917968,2097148,9563264.84745763,982148.372881356,8581116.47457627,8,2803200,185266.915254237,738.779661016949,3781,20,6126,17111.9144530169
7819104,516797.684210526,3353.57894736842,2917968,2097148,9320905.07017544,1411045.84210526,7909859.22807018,8,2803200,186146.596491228,717.087719298246,3781,20,5890,15969.6080466667
7819104,516757.152542373,3353.61016949153,2918028,2097148,9473169.03389831,1196758.3220339,8276410.71186441,8,2785627.11864407,187026.966101695,686.271186440678,3781,20,6134,15916.4501772881
7819104,517535.379310345,3354.46551724138,2918028,2097148,8568221.79310345,881190.206896552,7687031.5862069,8,2803200,187923.810344828,666.206896551724,3781,20,5992,15093.4182289655
7819104,516463.724137931,3353.41379310345,2918027.79310345,2097148,8921795.93103448,948860.344827586,7972935.5862069,8,2803200,188810.362068966,684.051724137931,3781,20,5975,15453.737424569
7819104,515683.322033898,3352.69491525424,2918028,2097148,9211536.25423729,1321733,7889803.25423729,8,2759918.6440678,189699.118644068,762.152542372881,3673,20,6062,16969.879678678
7819104,515506.620689655,3352.44827586207,2918028,2097148,8554128.9137931,1227560.63793103,7326568.27586207,8,2786648.27586207,190590.103448276,731.379310344828,3673,20,6010,16145.0008034483
7819104,514757.543859649,3351.78947368421,2918028,2097148,9848642.43859649,1521653.24561404,8326989.19298246,8,2798821.05263158,191457.701754386,685.543859649123,3679,20,5877,14822.4749071579
7819104,515396.344827586,3352.29310344828,2918028,2097148,8428026.37931035,1165009.68965517,7263016.68965517,8,2800551.72413793,192330.344827586,678.586206896552,3679,20,5975,14916.6989646552
7819104,515075.649122807,3351.9649122807,2918028,2097148,8908011.22807017,1417172.21052632,7490839.01754386,8,2803200,193198.385964912,638.368421052632,3679,20,5935,13938.6882939474
7819104,514608.275862069,3351.68965517241,2918027.93103448,2097148,8704955.75862069,1184987.75862069,7519968,8,2803200,194083.24137931,773.068965517241,3679,20,5934,16877.0123770345
7819104,513463.661016949,3350.4406779661,2918031.38983051,2097148,9604425.20338983,1178551.44067797,8425873.76271186,8,2803200,194961.101694915,734.101694915254,3679,20,6075,16407.1178237288
7819104,513944,3350.94915254237,2918088,2097148,8794362.20338983,1264200.57627119,7530161.62711865,8,2803200,195853.847457627,715.440677966102,3679,20,6085,16016.3665570339
7819104,513633.24137931,3350.68965517241,2918088,2097148,8927072.74137931,1347821.84482759,7579250.89655172,8,2787972.4137931,196740.810344828,675.155172413793,3679,20,5987,14871.084629431
7819104,513300.896551724,3350.37931034483,2918088.48275862,2097148,9142623.29310345,998925.637931034,8143697.65517241,8,2781020.68965517,197623.051724138,670.948275862069,3679,20,5951,14689.5597247414
7819104,512193.931034483,3349.31034482759,2918088,2097148,9085054.22413793,1568073.53448276,7516980.68965517,8,2803200,198503.793103448,759.413793103448,3675,20,5975,16675.3029956897
7819104,512753.491525424,3349.81355932203,2918088,2097148,8645167.03389831,1379955.6440678,7265211.38983051,8,2803200,199394.983050847,754.372881355932,3675,20,6054,16783.6273322034
7819104,512777.24137931,3349.84482758621,2918088,2097148,9044037.70689655,1521437.01724138,7522600.68965517,8,2803200,200282.75862069,713.741379310345,3675,20,6042,15848.1633956897
7819104,511960.49122807,3349.0350877193,2918088,2097148,9086485.49122807,1200649.14035088,7885836.35087719,8,2803200,201161.50877193,690.947368421053,3675,20,5896,14971.3093894737
7819104,511761.034482759,3348.89655172414,2918088,2097148,9457169.17241379,1472308.62068966,7984860.55172414,8,2803200,202035.137931035,663.551724137931,3675,20,6030,14704.4720948276
7819104,511178.275862069,3348.29310344828,2918088,2097148,9176181.79310345,877873.517241379,8298308.27586207,8,2803200,202920.103448276,715.293103448276,3675,20,6038,15872.103612931
7819104,510718.689655172,3347.93103448276,2918088,2097148,9211083.67241379,1080768.5,8130315.17241379,8,2803200,203808.413793103,754.034482758621,3675,20,5954,16498.9908155172
7819104,509233.931034483,3346.41379310345,2918147.37931034,2097148,8679126.15517241,957972.086206897,7721154.06896552,8,2790951.72413793,204696.224137931,732.879310344828,3755,20,5983,16464.9875112931
7819104,508987.661016949,3346.22033898305,2918148,2097148,9001945.45762712,1663522,7338423.45762712,8,2803200,205583.389830508,689.694915254237,3671,20,6085,15406.4291562712
7819104,509431.661016949,3346.67796610169,2918148,2097148,8896313.15254237,1645531.05084746,7250782.10169492,8,2803200,206477.169491525,670.305084745763,3671,20,6055,14899.4777447458
7819104,513419.586206897,3350.60344827586,2918148,2097148,8362023.96551724,1097142.03448276,7264881.93103448,8,2787972.4137931,207371.25862069,667.327586206897,3671,20,6032,14776.94972
7819104,542291.796610169,3378.77966101695,2918148,2097148,9026792.9661017,1267685.44067797,7759107.52542373,8,2803200,208272.033898305,766.762711864407,3674,20,6051,17046.1886167119
7819104,573298.551724138,3409.1724137931,2918148,2097148,9268136.37931035,1224006.44827586,8044129.93103448,8,2767448.27586207,209155.534482759,739.103448275862,3674,20,6035,16387.8377262069
7819104,572313.288135593,3408,2918148,2097148,9313347.76271186,1485007.96610169,7828339.79661017,8,2803200,210049.169491525,688.389830508475,3674,20,6129,15501.125030339
7819104,572269.016949153,3407.94915254237,2918148,2097148,9464274.6440678,1410638.16949153,8053636.47457627,8,2803200,210941.644067797,657,3674,20,6031,14557.736358
7819104,572710.175438597,3408.52631578947,2918148,2097148,9106586.28070176,1268264.1754386,7838322.10526316,8,2803200,211809.578947368,636.964912280702,3674,20,5915,13842.3367538597
7819104,570786.456140351,3406.61403508772,2918148,2097148,10227031.6842105,1460352.10526316,8766679.57894737,8,2803200,212670.210526316,749.771929824561,3773,20,5868,16599.9235345263
7819104,571452.542372881,3407.25423728814,2918206.84745763,2097148,9134620.71186441,1686783.96610169,7447836.74576271,8,2798969.49152542,213547.355932203,731.677966101695,3773,20,6104,16850.8303770847
7819104,571361.466666667,3407.16666666667,2918211.46666667,2097148,9209956.58333333,1098389.38333333,8111567.2,8,2787200,214443.783333333,711.4,3773,20,6186,16603.9180692
7819104,571601.862068966,3407.37931034483,2918211.72413793,2097148,9023610.44827586,1488194.03448276,7535416.4137931,8,2798896.55172414,215339.793103448,690.51724137931,3773,20,6057,15780.4326387931
7819104,570505.966101695,3406.40677966102,2918212,2097148,9164721.6440678,1371195.40677966,7793526.23728814,8,2785627.11864407,216235.084745763,653.898305084746,3773,20,6059,14948.5121705085
7819104,570444.482758621,3406.3275862069,2918212,2097148,8528732.27586207,1127988.68965517,7400743.5862069,8,2803200,217122.879310345,768.586206896552,3773,20,6015,17442.7526881034
7819104,570644.551724138,3406.55172413793,2918212,2097148,8356100.4137931,1360394.75862069,6995705.65517241,8,2792275.86206897,218014.379310345,753.465517241379,3773,20,5996,17045.5810777241
7819104,568798.206896552,3404.72413793103,2918214.55172414,2097148,9154330.96551724,1037515.37931034,8116815.5862069,8,2803200,218900.517241379,723.01724137931,3773,20,6008,16389.4878627586
7819104,568534.689655172,3404.5,2918211.51724138,2097148,8914505.43103448,1019751.0862069,7894754.34482759,8,2803200,219792.879310345,685.310344827586,3773,20,5994,15498.5415306207
7819104,567973.931034483,3403.87931034483,2918212,2097148,9587525.15517241,1301152.32758621,8286372.82758621,8,2797572.4137931,220674.189655172,672.01724137931,3773,20,6012,15243.5525629655
7819104,568093.684210526,3404,2918212,2097148,9094429.85964912,1427338.77192982,7667091.0877193,8,2803200,221536.929824561,711.684210526316,3773,20,5905,15856.0146278947
7819104,565749.034482759,3401.70689655172,2918270.82758621,2097148,9163612.55172414,1321537.37931034,7842075.17241379,8,2803200,222422.327586207,748.931034482759,3773,20,6031,17041.8979792069
7819104,571175.931034483,3407.15517241379,2918276,2097148,8563038,902813.724137931,7660224.27586207,8,2803200,223318.568965517,742.241379310345,3773,20,6016,16847.6679724138
7819104,572958.847457627,3408.81355932203,2918276,2097148,9301814.71186441,1090858.50847458,8210956.20338983,8,2803200,224211.474576271,693.152542372881,3773,20,6065,15861.5794494915
7819104,572921.586206897,3408.89655172414,2918276,2097148,9274840.51724138,1074609.06896552,8200231.44827586,8,2803200,225098.327586207,666.379310344828,3773,20,6017,15128.237062931
7819104,571658.779661017,3407.45762711864,2918275.86440678,2097148,9085947.77966102,1358397.27118644,7727550.50847458,8,2803200,225987.813559322,649.661016949153,3773,20,6030,14780.5612322034
7819104,571374.206896552,3407.34482758621,2918277.10344828,2097148,8732161.03448276,1098062.82758621,7634098.20689655,8,2770096.55172414,226870.655172414,768.379310344828,3668,20,5993,16890.7629548966
7819104,570981.24137931,3406.79310344828,2918276,2097148,9309335.68965517,1183939.55172414,8125396.13793104,8,2803200,227752.465517241,730.172413793104,3692,20,6004,16185.5624965517
7819104,570603.254237288,3406.5593220339,2918276,2097148,9270828.94915254,1161848.06779661,8108980.88135593,8,2780094.91525424,228642.440677966,711.864406779661,3692,20,6126,16100.3739661017
7819104,570166.75862069,3406.13793103448,2918276,2097148,9362539.27586207,1147623.13793103,8214916.13793103,8,2798896.55172414,229532.568965517,664,3692,20,5998,14704.025024
7819104,569340.275862069,3405.20689655172,2918287.10344828,2097148,9230828.25862069,1040100.39655172,8190727.86206896,8,2803200,230413.603448276,646.827586206897,3692,20,5984,14290.3152904828
7819104,570307.655172414,3406.20689655172,2918339.72413793,2097148,8674609.53448276,1163613.39655172,7510996.13793104,8,2785324.13793103,231299,778.879310344828,3692,20,5981,17199.0976568966
7819104,569346.440677966,3405.37288135593,2918337.22033898,2097148,9158442.10169492,1441577.83050847,7716864.27118644,8,2785627.11864407,232185.355932203,736.576271186441,3692,20,6091,16564.1065623051
7819104,569267.333333333,3405.3,2918340,2097148,9310897.05,1160874.11666667,8150022.93333333,8,2797760,233084.3,704.9,3692,20,6194,16119.8280152
7819104,568928.881355932,3404.89830508475,2918338.91525424,2097148,9264479.84745763,1366188.86440678,7898290.98305085,8,2770657.62711864,233981.79661017,679.406779661017,3692,20,6126,15366.2735816949
7819104,568706.101694915,3404.69491525424,2918339.79661017,2097148,9306648.57627119,1650766,7655882.57627119,8,2768054.23728814,234881.644067797,648.084745762712,3676,20,6045,14401.3633311864
7819104,567721.152542373,3403.76271186441,2918340,2097148,9120722.25423729,1405921.57627119,7714800.6779661,8,2803200,235771.118644068,749,3676,20,6065,16698.91006
7819104,567570.596491228,3403.63157894737,2918340,2097148,9590976.45614035,1380175.05263158,8210801.40350877,8,2793094.7368421,236625.228070175,754.842105263158,3676,20,5834,16188.1807435789
7819104,567306.983050847,3403.33898305085,2918340,2097148,9316358.94915254,1162884.50847458,8153474.44067797,8,2803200,237493.220338983,720.728813559322,3676,20,6065,16068.6056545763
7819104,567224.881355932,3403.20338983051,2918340,2097148,9504012.45762712,1132069,8371943.45762712,8,2785627.11864407,238375,689.813559322034,3676,20,6118,15513.7469124068
7819104,567692.896551724,3403.68965517241,2918340,2097148,8857050.81034483,1384605.15517241,7472445.65517241,8,2803200,239268.086206897,666.01724137931,3676,20,6028,14758.2280984828
7819104,567394.551724138,3403.41379310345,2918400.27586207,2097148,8456205.44827586,876120.896551724,7580084.55172414,8,2790951.72413793,240168.793103448,695.862068965517,3676,20,6029,15422.1154731034
7819104,566638.551724138,3402.70689655172,2918399.65517241,2097148,9063546.68965517,1248374.13793103,7815172.55172414,8,2803200,241061.534482759,749.862068965517,3664,20,5998,16479.4727348966
7819104,566010.847457627,3402.08474576271,2918400,2097148,9386921.37288136,1232126.66101695,8154794.71186441,8,2803200,241949.016949153,730.050847457627,3664,20,6080,16263.4303349153
7819104,566100.965517241,3402.25862068966,2918403.65517241,2097148,9087592.01724138,1520733.12068966,7566858.89655172,8,2803200,242835.051724138,700.913793103448,3664,20,5971,15334.4125315862
7819104,565680.813559322,3401.76271186441,2918403.72881356,2097148,9160356.98305085,1311492.98305085,7848864,8,2803200,243718.050847458,670.677966101695,3664,20,6065,14903.9130711864
7819104,565537.423728814,3401.62711864407,2918401.96610169,2097148,9202089.38983051,951288.033898305,8250801.3559322,8,2803200,244606.93220339,656.033898305085,3664,20,6038,14513.5901320678
7819104,566192.827586207,3402.27586206897,2918404,2097148,8834739.5,1042754.94827586,7791984.55172414,8,2803200,245492.034482759,759.241379310345,3665,20,5982,16645.6307772414
7819104,566728.137931034,3402.77586206897,2918404,2097148,8875188.79310345,1307508.79310345,7567680,8,2786648.27586207,246371.965517241,739.068965517241,3665,20,5978,16192.5354210345
7819104,566023.457627119,3402.1186440678,2918403.25423729,2097148,9273932.40677966,1162866.10169492,8111066.30508475,8,2757315.25423729,247255.016949153,703.915254237288,3665,20,6079,15682.9045438136
7819104,564927.050847458,3401.05084745763,2918404,2097148,8835819.91525424,1029377.20338983,7806442.71186441,8,2803200,248148,685.813559322034,3665,20,6078,15277.0936916949
7819104,565281.724137931,3401.58620689655,2918463.72413793,2097148,8713287.29310345,1100759.15517241,7612528.13793104,8,2759172.4137931,249046.620689655,644.241379310345,3764,20,6010,14573.7965558621
7819104,564755.586206897,3400.94827586207,2918463.93103448,2097148,8694807.10344828,942368.482758621,7752438.62068966,8,2803200,249936.482758621,773.827586206897,3764,20,5955,17345.0512903448
7819104,565081.310344828,3401.34482758621,2918464,2097148,8956368.67241379,1088700.12068966,7867668.55172414,8,2790951.72413793,250815.327586207,739.344827586207,3764,20,6013,16733.5412073103
7819104,564506.133333333,3400.76666666667,2918468,2097148,9299864.78333333,1006556.11666667,8293308.66666667,8,2803200,251715.983333333,703.166666666667,3764,20,6180,16356.72548
7819104,564347.266666667,3400.56666666667,2918467.2,2097148,9490978.76666667,1102410.76666667,8388568,8,2785920,252618.233333333,675.616666666667,3764,20,6150,15639.57997
7819104,563967.862068966,3400.22413793103,2918472,2097148,9038886.44827586,1070833.48275862,7968052.96551724,8,2803200,253505.137931034,659.448275862069,3764,20,5999,14890.4976987586
7819104,564841.403508772,3401.10526315789,2918472,2097148,9278140.47368421,1573046.01754386,7705094.45614035,8,2766821.05263158,254383.298245614,782.245614035088,3764,20,5897,17362.9645807719
7819104,559611.172413793,3395.93103448276,2918475.72413793,2097148,8888075.44827586,1331587.44827586,7556488,8,2785324.13793103,255257.431034483,750.275862068965,3764,20,5959,16828.4444968276
7819104,555189.172413793,3391.6724137931,2918480,2097148,9663695.05172414,1032063.18965517,8631631.86206897,8,2803200,256132.603448276,721.310344827586,3763,20,5969,16201.6019498621
7819104,555165.122807018,3391.68421052632,2918479.92982456,2097148,9459895.56140351,1034450.78947368,8425444.77192983,8,2793431.57894737,257000.894736842,690.859649122807,3763,20,5919,15387.6530642632
7819104,555616.203389831,3392.16949152542,2918538.91525424,2097148,8694849.76271187,1380652.33898305,7314197.42372881,8,2803200,257895.983050847,652.135593220339,3763,20,6050,14846.6167355932
7819104,554938.137931034,3391.53448275862,2918539.65517241,2097148,9315870.79310345,1400610.65517241,7915260.13793103,8,2767448.27586207,258785.431034483,727.724137931035,3763,20,6037,16531.8773456552
7819104,554542.068965517,3391.1724137931,2918540,2097148,8850708.31034483,1270090.51724138,7580617.79310345,8,2803200,259673.362068966,758.551724137931,3763,20,6001,17129.4352577241
7819104,554295.655172414,3390.81034482759,2918540,2097148,8543115.29310345,1004436.12068966,7538679.17241379,8,2803200,260560.448275862,712.431034482759,3763,20,5978,16026.288580931
7819104,552566.827586207,3389.12068965517,2918538.62068965,2097148,9469309.22413793,1144135.01724138,8325174.20689655,8,2803200,261443.931034483,729.965517241379,3763,20,6059,16643.2262025172
7819104,551930.620689655,3388.41379310345,2918540,2097148,8654340.29310345,1468779.18965517,7185561.10344828,8,2794924.13793103,262332.224137931,666.706896551724,3763,20,5941,14904.8880452931
7819104,552727.931034483,3389.29310344828,2918528.4137931,2097148,9458170.4137931,1924655.37931034,7533515.03448276,8,2797572.4137931,263200.620689655,719.51724137931,3763,20,5997,16237.1376457241
7819104,564793.133333333,3401.13333333333,2918516,2097148,9248608.08333333,1266221.28333333,7982386.8,8,2800640,264092.5,735.216666666667,3661,20,6174,16618.1126097
7819104,563885.627118644,3400.25423728814,2918520,2097148,9702435.59322034,978367.118644068,8724068.47457627,8,2803200,264981.305084746,726.220338983051,3661,20,6083,16172.8274569661
7819104,563320.206896552,3399.60344827586,2918505.10344828,2097148,9704829.17241379,979782.689655172,8725046.48275862,8,2803200,265859.448275862,698.362068965517,3661,20,6015,15378.5717599138
7819104,563377.862068966,3399.74137931034,2918608.55172414,2097148,8905820.43103448,1240512.43103448,7665308,8,2795255.17241379,266750.620689655,681.241379310345,3661,20,5960,14864.3871503448
7819104,564484.551724138,3400.93103448276,2918646.82758621,2097148,8825456.4137931,1017599.72413793,7807856.68965517,8,2782675.86206897,267627.362068965,655.551724137931,3661,20,5983,14359.0495997586
7819104,565039.103448276,3401.56896551724,2918647.79310345,2097148,8695153.32758621,1478849.74137931,7216303.5862069,8,2777048.27586207,268512.620689655,750.724137931035,3661,20,5990,16462.9224031035
7819104,564649.448275862,3401.06896551724,2918648.96551724,2097148,8643861.12068966,1159793.94827586,7484067.17241379,8,2803200,269401.724137931,731.793103448276,3661,20,5982,16026.3436084138
7819104,563236.482758621,3399.58620689655,2918646.13793103,2097148,8888731.31034483,794876.137931034,8093855.17241379,8,2795255.17241379,270286.948275862,722.879310344828,3661,20,6024,15942.2819987586
7819104,562729.172413793,3399.1724137931,2918648,2097148,9023114.65517241,1171660.5862069,7851454.06896552,8,2790951.72413793,271169.689655172,683.379310344828,3660,20,5970,14931.9746068966
7819104,561902.237288136,3398.42372881356,2918648,2097148,9420445.40677966,944813.542372881,8475631.86440678,8,2775864.40677966,272053.220338983,643.440677966102,3660,20,6137,14452.5913128814
7819104,562150.689655172,3398.60344827586,2918652,2097148,9272245.32758621,1234163.94827586,8038081.37931035,8,2803200,272949.086206897,781.068965517241,3660,20,5971,17069.3718227586
7819104,563648.551724138,3400.13793103448,2918652,2097148,8897975.94827586,1623106.98275862,7274868.96551724,8,2789958.62068966,273833.879310345,754.534482758621,3660,20,5962,16464.6365855172
7819104,562478.551724138,3399.01724137931,2918651.5862069,2097148,9156763.0862069,1371276.32758621,7785486.75862069,8,2800551.72413793,274709.724137931,723.206896551724,3660,20,5957,15767.8051468966
7819104,560078.137931034,3396.74137931034,2918710.62068966,2097148,8929897.9137931,1371885.77586207,7558012.13793104,8,2772744.82758621,275595.913793103,699.413793103448,3660,20,6038,15456.4013668966
7819104,560313.034482759,3397,2918712,2097148,8878943.63793103,1277056.60344828,7601887.03448276,8,2803200,276492.120689655,667.103448275862,3660,20,6051,14774.1132537931
7819104,566588.413793103,3403.20689655172,2918712,2097148,8798780.96551724,911159.586206897,7887621.37931035,8,2792606.89655172,277387.379310345,760.620689655172,3657,20,6012,16722.9182507586
7819104,566832.474576271,3403.35593220339,2918712,2097148,9356723.89830508,1243872.37288136,8112851.52542373,8,2745925.42372881,278286.084745763,729.627118644068,3657,20,6056,16158.9000341695
7819104,567417.586206897,3403.84482758621,2918710.4137931,2097148,8992181.75862069,1384957.20689655,7607224.55172414,8,2772744.82758621,279172.568965517,716.01724137931,3657,20,6009,15734.4165858103
7819104,565933.933333333,3402.3,2918711.73333333,2097148,9245984.78333333,1367840.11666667,7878144.66666667,8,2743360,280069.733333333,698.033333333333,3657,20,6193,15808.9200247
7819104,566193.491525424,3402.59322033898,2918712,2097148,8321679.30508474,927242.559322034,7394436.74576271,8,2746901.69491525,280974.423728813,659.033898305085,3657,20,6059,14602.7169276102
7819104,565611.103448276,3402.08620689655,2918711.86206897,2097148,8996535.06896552,1416850.37931034,7579684.68965517,8,2746262.06896552,281861.827586207,694.258620689655,3655,20,5970,15148.9660939655
7819104,566157.103448276,3402.56896551724,2918711.86206897,2097148,8356745.87931035,1385857.05172414,6970888.82758621,8,2770096.55172414,282742.637931034,746,3655,20,5976,16294.34088
7819104,565763.389830509,3402.18644067797,2918712,2097148,9464261.20338983,1016846.69491525,8447414.50847457,8,2690277.96610169,283635.966101695,703.474576271187,3655,20,6071,15609.7526275424
7819104,535197.61038961,3380.31168831169,2926171.42857143,2097148,8005791.8961039,1936747.32467532,6069044.57142857,8,2803200,679.402597402597,673.818181818182,3756,20,8333,21089.6654705455
7819104,533884.474576271,3378.27118644068,2926217.08474576,2097148,8716672.52542373,1583606.62711864,7133065.89830509,8,2803200,1724.22033898305,653.677966101695,3756,20,6180,15173.2252433898
7819104,533710.101694915,3378.18644067797,2926250.0338983,2097148,8668086.76271186,1243714.42372881,7424372.33898305,8,2791159.3220339,2643.47457627119,729.813559322034,3756,20,6249,17129.6321253559
7819104,533602.733333333,3378.11666666667,2926269.8,2097148,8910701.23333333,1347803.5,7562897.73333333,8,2803200,3553.96666666667,739.35,3756,20,6179,17159.0743494
7819104,533487.866666667,3378.1,2926282.2,2097148,8751051.73333333,1214160.26666667,7536891.46666667,8,2803200,4480.28333333333,704.666666666667,3756,20,6264,16579.104192
7819104,531758.8,3376.41666666667,2926294.66666667,2097148,9192648.2,1192195.26666667,8000452.93333333,8,2795200,5399.2,695.233333333333,3756,20,6212,16221.3732368
7819104,531287.103448276,3375.91379310345,2926300,2097148,9170296.89655172,1312015.79310345,7858281.10344828,8,2794924.13793103,6292.98275862069,656.103448275862,3653,20,6027,14445.1875185172
7819104,530966.137931034,3375.63793103448,2926300,2097148,9194653.53448276,1273952.15517241,7920701.37931035,8,2803200,7187.10344827586,664.637931034483,3758,20,6021,15038.7079652069
7819104,531045.288135593,3375.96610169492,2926300,2097148,9154364.62711864,1573649.50847458,7580715.11864407,8,2796366.10169492,8088.06779661017,748.169491525424,3758,20,6125,17221.1783135593
7819104,530661.034482759,3375.39655172414,2926302.13793103,2097148,9141665.89655173,1606802.86206897,7534863.03448276,8,2803200,8986.6724137931,728.827586206897,3758,20,5975,16365.131062069
7819104,530205.266666667,3374.91666666667,2926379.46666667,2097148,8742534.4,1150916.53333333,7591617.86666667,8,2781760,9893.21666666667,692.65,3758,20,6227,16208.7483649
7819104,529180.206896552,3373.8275862069,2926383.17241379,2097148,9023236.89655172,1343731.65517241,7679505.24137931,8,2775724.13793103,10801.3275862069,671.741379310345,3758,20,6067,15315.5596956207
7819104,528697.288135593,3373.59322033898,2926386.37288136,2097148,9057616.44067797,1276381.18644068,7781235.25423729,8,2780094.91525424,11701.2033898305,643.084745762712,3758,20,6182,14940.1165178305
7819104,541416.827586207,3385.87931034483,2926392,2097148,9050442.05172414,1329519.15517241,7720922.89655172,8,2786648.27586207,12603.5,781.086206896552,3661,20,6012,17191.654299931
7819104,545799.733333333,3390.06666666667,2926396,2097148,8873908.41666667,1141838.41666667,7732070,8,2768640,13505.4,729.733333333333,3661,20,6186,16526.2313944
7819104,545473,3390,2926404,2097148,8762342.21666667,1268624.48333333,7493717.73333333,8,2785920,14413.0333333333,710.733333333333,3661,20,6197,16124.5613624667
7819104,543813.655172414,3388.25862068966,2926409.17241379,2097148,9549411.65517241,1180260.34482759,8369151.31034483,8,2803200,15311.4827586207,677.275862068966,3661,20,6039,14973.7423565172
7819104,541648.949152542,3386.23728813559,2926414.6440678,2097148,9276919.91525424,1059054.96610169,8217864.94915254,8,2803200,16203.0508474576,654.796610169491,3661,20,6180,14814.7602091525
7819104,541299.466666667,3385.96666666667,2926415.13333333,2097148,8678686.7,1275532.43333333,7403154.26666667,8,2803200,17114.5166666667,730.166666666667,3656,20,6276,16753.715056
7819104,540230.413793103,3384.87931034483,2926417.17241379,2097148,9181122.4137931,1509247.10344828,7671875.31034483,8,2803200,18023.9655172414,753.655172413793,3656,20,5985,16490.8494124138
7819104,538957.423728814,3383.62711864407,2926476,2097148,9582159.71186441,740978.152542373,8841181.55932203,8,2803200,18918.5593220339,724.779661016949,3656,20,6074,16094.851432678
7819104,539785.724137931,3384.3275862069,2926474.68965517,2097148,9352984.15517241,1152280.43103448,8200703.72413793,8,2803200,19803.4137931034,676.620689655173,3656,20,6052,14970.9851608276
7819104,537686,3382.38333333333,2926484.26666667,2097148,8831903.18333333,1206809.71666667,7625093.46666667,8,2803200,20706.9833333333,670,3654,20,6196,15168.92328
7819104,538423.034482759,3383.20689655172,2926488,2097148,9342210.87931035,1586597.77586207,7755613.10344828,8,2803200,21600.8275862069,664.810344827586,3647,20,5971,14477.0676290172
7819104,537719.266666667,3382.35,2926487.46666667,2097148,8855318.41666667,1139038.01666667,7716280.4,8,2785920,22499.0166666667,749.866666666667,3647,20,6217,17002.0261301333
7819104,537283.389830509,3382,2926496,2097148,8948138.93220339,1316604.96610169,7631533.9661017,8,2786928.81355932,23404.7118644068,737.796610169491,3656,20,6043,16300.2939701695
7819104,536966.75862069,3381.65517241379,2926496,2097148,9167280.34482759,1315823.79310345,7851456.55172414,8,2803200,24290.0517241379,697.103448275862,3656,20,6010,15317.1473434483
7819104,532570.275862069,3377.34482758621,2926498.96551724,2097148,9177073.62068965,1517009.75862069,7660063.86206897,8,2803200,25176.4482758621,670.775862068965,3656,20,5975,14652.8303965517
7819104,532120.406779661,3376.93220338983,2926500,2097148,9334592.72881356,1268654.01694915,8065938.71186441,8,2803200,26062.2711864407,637.237288135593,3656,20,6093,14195.1029284068
7819104,532604.866666667,3377.56666666667,2926504,2097148,9334685.81666667,1328762.75,8005923.06666667,8,2803200,26961.4666666667,762.15,3656,20,6174,17203.3595496
7819104,532554,3377.56666666667,2926559.66666667,2097148,8881332.11666667,1110605.58333333,7770726.53333333,8,2803200,27876.1833333333,747.85,3656,20,6183,16905.1851468
7819104,528855.785714286,3373.75,2926567.71428571,2097148,12566759.4642857,2469580.17857143,10097179.2857143,8,2803200,28712.3928571429,689.928571428571,3641,20,5827,14637.5983937857
7819104,531111.931034483,3376.08620689655,2926576,2097148,8910108.65517241,1673774.44827586,7236334.20689655,8,2785324.13793103,29574.5172413793,682.137931034483,3641,20,6015,14939.2402044828
7819104,530620.933333333,3375.56666666667,2926576,2097148,8848907.91666667,1518944.45,7329963.46666667,8,2803200,30473.4333333333,656.716666666667,3641,20,6225,14884.63101125
7819104,530564.482758621,3375.36206896552,2926576,2097148,9029065.53448276,1495590.77586207,7533474.75862069,8,2803200,31370.5,772.689655172414,3641,20,5996,16868.9247547586
7819104,530640.344827586,3375.56896551724,2926576,2097148,9196293.12068965,970597.810344828,8225695.31034483,8,2775724.13793103,32257.3103448276,744.534482758621,3641,20,6022,16324.7390114828
7819104,529047.379310345,3374.10344827586,2926576,2097148,9421111.31034483,1144824.4137931,8276286.89655172,8,2775724.13793103,33143.2931034483,716.258620689655,3641,20,5990,15621.3068512069
7819104,528473.034482759,3373.46551724138,2926580,2097148,9508646.17241379,947989.620689655,8560656.55172414,8,2789296.55172414,34024.224137931,694.310344827586,3641,20,5985,15129.9840336207
7819104,528342.413793103,3373.36206896552,2926583.44827586,2097148,9346035.22413793,1215995.77586207,8130039.44827586,8,2790951.72413793,34905.6034482759,664.086206896552,3641,20,5967,14427.8353258448
7819104,528106.440677966,3373,2926579.79661017,2097148,9061818.42372881,1431980.18644068,7629838.23728814,8,2803200,35791.9830508475,675,3750,20,6124,15501.375
7819104,526086.915254237,3371.22033898305,2926643.72881356,2097148,8750949.81355932,1347487.30508475,7403462.50847458,8,2803200,36699.9152542373,755.457627118644,3655,20,6089,16812.9323515254
7819104,524284.206896552,3369.51724137931,2926647.65517241,2097148,9144196.31034483,830170.517241379,8314025.79310345,8,2797572.4137931,37595.6896551724,726.103448275862,3645,20,6044,15996.3348848276
7819104,523982.915254237,3369.15254237288,2926648,2097148,9433309.30508475,1065654.52542373,8367654.77966102,8,2768054.23728814,38486.8474576271,701.694915254237,3645,20,6080,15550.6820338983
7819104,521507.86440678,3366.86440677966,2926697.55932203,2097148,9019893.81355932,1600843.77966102,7419050.03389831,8,2803200,39380.7966101695,691.508474576271,3645,20,6155,15513.9753394068
7819104,517768.068965517,3363.06896551724,2926736,2097148,9164617.39655172,1055394.77586207,8109222.62068966,8,2803200,40274.1551724138,645.48275862069,3645,20,5971,14048.4771760345
7819104,517752.933333333,3363.11666666667,2926735.8,2097148,9102225.11666667,1027010.31666667,8075214.8,8,2785920,41160.65,757.833333333333,3645,20,6150,16988.160375
7819104,518640.8,3363.95,2926735.46666667,2097148,8677873.63333333,1133035.36666667,7544838.26666667,8,2793920,42060.55,743.466666666667,3645,20,6175,16733.8548
7819104,518392.949152542,3363.76271186441,2926736,2097148,9328333.47457627,837941.881355932,8490391.59322034,8,2788555.93220339,42951.3389830508,713.593220338983,3748,20,6122,16373.5791205424
7819104,518623.931034483,3363.93103448276,2926735.79310345,2097148,9618827.79310345,948684.206896552,8670143.5862069,8,2778372.4137931,43843.5862068966,674.862068965517,3748,20,6011,15204.1214202759
7819104,519661.31147541,3365.08196721311,2926736.45901639,2097148,8444381.81967213,1283781.81967213,7160600,8,2803200,44745.6557377049,638.44262295082,3748,20,6266,14993.8045698361
7819104,526388.333333333,3371.66666666667,2926800,2097148,8706952.08333333,1499430.21666667,7207521.86666667,8,2784640,45663.25,765.3,3748,20,6173,17706.2899812
7819104,525533.016949153,3370.72881355932,2926800,2097148,9165944.6440678,908460.169491525,8257484.47457627,8,2788230.50847458,46560.2542372881,733.508474576271,3748,20,6143,16888.272712339
7819104,523678.6,3369.01666666667,2926838.6,2097148,8933241.9,1360683.5,7572558.4,8,2803200,47466.05,714.916666666667,3748,20,6215,16653.1401483333
7819104,522019.4,3367.38333333333,2926884,2097148,8664015.78333333,1790204.71666667,6873811.06666667,8,2790400,48373.7166666667,690.7,3748,20,6217,16094.2189612
7819104,520787.724137931,3366.22413793103,2926884,2097148,9437695.55172414,1126286.44827586,8311409.10344828,8,2795255.17241379,49269.275862069,647.137931034483,3748,20,6005,14564.965157931
7819104,521427.933333333,3366.9,2926869.6,2097148,8668398.88333333,1451595.81666667,7216803.06666667,8,2783360,50168.7666666667,723.483333333333,3748,20,6169,16727.9562251333
7819104,520485.6,3365.96666666667,2926850.33333333,2097148,9157508.61666667,1001253.41666667,8156255.2,8,2803200,51067.8333333333,743.866666666667,3748,20,6169,17199.2476730667
7819104,520030.983050848,3365.47457627119,2926854.77966102,2097148,9458143.06779661,1133209.50847458,8324933.55932203,8,2790183.05084746,51955.593220339,705.423728813559,3748,20,6162,16291.8851715254
7819104,520195.868852459,3365.70491803279,2926856,2097148,8698260.59016394,1099402.75409836,7598857.83606557,8,2778649.18032787,52851.131147541,699.098360655738,3663.40983606557,20,6182,15832.6201183875
7819104,517640.466666667,3363.16666666667,2926856,2097148,9087256.85,1550491.65,7536765.2,8,2768320,53764,703.2,3662,20,6173,15896.2058832
7819104,512008.6,3357.75,2926915.73333333,2097148,9072609.4,1535575.66666667,7537033.73333333,8,2722240,54674.2833333333,654.333333333333,3662,20,6153,14743.625806
7819104,512888.745762712,3358.54237288136,2926916,2097148,9067657.83050848,800603.593220339,8267054.23728814,8,2788230.50847458,55572.7288135593,753.627118644068,3662,20,6161,17003.0200347119
7819104,513058.866666667,3358.75,2926916,2097148,8930258.01666667,1212167.88333333,7718090.13333333,8,2738560,56478.5333333333,700.233333333333,3642,20,6246,15928.8602508
7819104,512734.965517241,3358.48275862069,2926916,2097148,9348186.17241379,1146125.62068966,8202060.55172414,8,2758510.34482759,57376.7068965517,686.068965517241,3642,20,6056,15131.9041721379
7819104,512436,3358.13333333333,2926917,2097148,9267911.68333333,1127446.48333333,8140465.2,8,2722240,58283.55,657.866666666667,3642,20,6221,14905.2074384
7819104,512677,3358.3,2926914.73333333,2097148,9044501.55,1432808.61666667,7611692.93333333,8,2786240,59193.0333333333,649.466666666667,3643,20,6176,14612.4596437333
7819104,512486.644067797,3358.20338983051,2926924,2097148,9383734.77966102,1203109.69491525,8180625.08474576,8,2752433.89830508,60091.2542372881,726.915254237288,3645,20,6068,16077.8098250847
7819104,512269.4,3358,2926924,2097148,9329461.65,919532.316666667,8409929.33333333,8,2764160,60988.1666666667,701.733333333333,3645,20,6199,15855.913782
7819104,512382.2,3358.15,2926924,2097148,9325825.3,1266915.16666667,8058910.13333333,8,2773760,61893,695.5,3645,20,6173,15649.1568675
7819104,511314.066666667,3357.3,2926935,2097148,9245374.13333333,1060706.66666667,8184667.46666667,8,2738240,62798.0833333333,656.233333333333,3645,20,6269,14995.2630645
7819104,511208.8,3356.91666666667,2926988,2097148,9163292.06666667,1040217.66666667,8123074.4,8,2752000,63717.1,640.566666666667,3645,20,6230,14546.212065
7819104,512184.677966102,3358.03389830508,2926987.38983051,2097148,9220140.6779661,947397.627118644,8272743.05084746,8,2763498.30508475,64627.9152542373,749.661016949153,3645,20,6084,16624.6176508475
7819104,512548.745762712,3358.4406779661,2926987.66101695,2097148,9174312.93220339,1245984.25423729,7928328.6779661,8,2718264.40677966,65529.5084745763,694.423728813559,3645,20,6130,15516.0996330508
7819104,512478.644067797,3358.30508474576,2926987.59322034,2097148,8931499.59322034,1381521.42372881,7549978.16949153,8,2785627.11864407,66426.5593220339,705.220338983051,3645,20,6113,15713.6384928814
7819104,511378.950819672,3357.2131147541,2926988,2097148,8603964.49180328,1484352.81967213,7119611.67213115,8,2751265.57377049,67337.0819672131,670.44262295082,3640,20,6302,15379.4710518033
7819104,508431.213114754,3354.3606557377,2926987.73770492,2097148,8959136.44262295,1017551.78688525,7941584.65573771,8,2692091.80327869,68258.7868852459,689.180327868853,3640,20,6265,15716.481704918
7819104,507425.049180328,3353.26229508197,2926992.06557377,2097148,9335829.04918033,706688.983606557,8629140.06557377,8,2689573.7704918,69178.0327868853,688,3640,20,6359,15924.97088
7819104,506487.93220339,3352.38983050847,2926992,2097148,9551134.71186441,1411631.11864407,8139503.59322034,8,2710454.23728814,70089.4745762712,728.627118644068,3640,20,6089,16149.2623125424
7819104,505428.933333333,3351.33333333333,2927004,2097148,9512556.53333333,561962.666666667,8950593.86666667,8,2654400,70993.05,667.983333333333,3640,20,6243,15179.600618
7819104,506035.379310345,3352.03448275862,2927004,2097148,9776335.4137931,1480389.20689655,8295946.20689655,8,2800551.72413793,71882,699.155172413793,3640,20,5950,15142.3027241379
7819104,506095.050847458,3351.96610169492,2927064,2097148,9177432.10169492,934773.389830509,8242658.71186441,8,2765450.84745763,72769.813559322,661.593220338983,3640,20,6180,14882.6718101695
7819104,518505.612903226,3364.27419354839,2927064,2097148,8857314.72580645,1228670.85483871,7628643.87096774,8,2661677.41935484,73698.0806451613,623.112903225807,3740,20,6408,14933.4739896774
7819104,518696.533333333,3364.41666666667,2927064,2097148,8993870.68333333,1084745.75,7909124.93333333,8,2747840,74623,725.216666666667,3639,20,6256,16509.9809432
7819104,517911.555555556,3363.61904761905,2927064,2097148,8828920.11111111,1203780.68253968,7625139.42857143,8,2700800,75545.8888888889,686.920634920635,3639,20,6396,15988.1080022857
7819104,517343.79661017,3363.16949152542,2927064,2097148,9486918.01694915,893940.389830509,8592977.62711864,8,2714033.89830508,76471.3728813559,678.796610169491,3639,20,6118,15112.3218084407
7819104,516014.258064516,3361.8064516129,2927067.74193548,2097148,9633703.90322581,514918.225806452,9118785.67741936,8,2660438.70967742,77396.5161290323,635.951612903226,3639,20,6401,14813.3729117903
7819104,517876.06557377,3363.68852459016,2927075.47540984,2097148,8994854.80327869,1035371.26229508,7959483.54098361,8,2773927.86885246,78317.868852459,644.213114754098,3639,20,6249,14649.4777371639
7819104,517110.967741936,3362.82258064516,2927076,2097148,9496749.29032258,800361.032258065,8696388.25806452,8,2604077.41935484,79245.2741935484,658.112903225806,3639,20,6493,15549.9094464677
7819104,517788,3363.57627118644,2927073.69491525,2097148,9617622.91525424,990835.254237288,8626787.66101695,8,2803200,80162.0847457627,738.084745762712,3639,20,6070,16303.3546662712
7819104,517778.64516129,3363.56451612903,2927074.38709677,2097148,9311315.87096774,1029288.25806452,8282027.61290323,8,2657651.61290323,81072.9032258065,649.774193548387,3639,20,6408,15151.8972843871
7819104,517561.066666667,3363.45,2927132.33333333,2097148,9225107.91666667,1177759.51666667,8047348.4,8,2733760,82002.5833333333,673.95,3741,20,6171,15558.61492845
7819104,514648.634920635,3360.5873015873,2927132,2097148,9226171.80952381,573078.349206349,8653093.46031746,8,2613638.09523809,82933.6031746032,618.412698412698,3741,20,6487,15007.5571161905
7819104,515190.466666667,3361.06666666667,2927132,2097148,9121355.53333333,1054344.06666667,8067011.46666667,8,2785920,83862.1333333333,763.033333333333,3741,20,6213,17735.0563401
7819104,513565.806451613,3359.43548387097,2927132,2097148,9130278.93548387,527925.387096774,8602353.5483871,8,2656412.90322581,84790.564516129,666.870967741936,3741,20,6429,16038.8396224839
7819104,515254.163934426,3361.2131147541,2927132,2097148,8852541.8852459,1305553.03278689,7546988.85245902,8,2726714.75409836,85720.4918032787,682.950819672131,3741,20,6350,16223.7357540984
7819104,514608.571428571,3360.39682539683,2927132,2097148,8859684.88888889,1384909.14285714,7474775.74603175,8,2610895.23809524,86665.6666666667,627.31746031746,3741,20,6511,15279.9797646191
7819104,514139.862068966,3360.06896551724,2927139.72413793,2097148,10013262.4827586,1913252.4137931,8100010.06896552,8,2785324.13793103,87553.724137931,649.172413793104,3741,20,5991,14549.467014
7819104,515163.133333333,3361.16666666667,2927140,2097148,9140772.61666667,1674098.21666667,7466674.4,8,2710720,88451.1333333333,711.933333333333,3741,20,6169,16430.1604994
7819104,513354.779661017,3359.16949152542,2927140,2097148,9553720.30508475,923813.457627119,8629906.84745763,8,2665220.33898305,89353.6271186441,694.64406779661,3741,20,6126,15919.4123414237
7819104,513764.06779661,3359.66101694915,2927140,2097148,8952902.76271186,1309387.77966102,7643514.98305085,8,2736162.71186441,90260.4237288136,701.135593220339,3679,20,6075,15670.3279233051
7819104,511803.533333333,3357.75,2927200,2097148,9378881.16666667,868277.033333333,8510604.13333333,8,2711360,91173.55,674.6,3679,20,6235,15474.355949
7819104,511630.733333333,3357.7,2927200,2097148,9731592.51666667,698402.783333333,9033189.73333333,8,2646400,92093.2333333333,616.4,3679,20,6264,14205.0957984
7819104,511973.933333333,3357.95,2927199.93333333,2097148,9018774.33333334,953119,8065655.33333333,8,2772160,93010.0833333333,681.683333333333,3679,20,6230,15624.2978861667
7819104,511717.523809524,3357.77777777778,2927200,2097148,9063753.66666667,718528.650793651,8345225.01587302,8,2604800,93952.9047619048,667.825396825397,3679,20,6529,16041.2935863968
7819104,510954.466666667,3356.93333333333,2927200,2097148,9420447.46666667,1272935.06666667,8147512.4,8,2768320,94876.0833333333,705.6,3633,20,6165,15803.637192
7819104,510681.466666667,3356.68333333333,2927200,2097148,9336518.65,1241686.51666667,8094832.13333333,8,2645120,95783.6,650.516666666667,3633,20,6223,14706.98423215
7819104,510354.819672131,3356.3606557377,2927200.78688525,2097148,9346667.70491803,1132478.85245902,8214188.85245902,8,2724196.72131148,96706.2950819672,659.918032786885,3633,20,6289,15077.7656382787
7819104,510627.365079365,3356.7619047619,2927199.93650794,2097148,8928381.20634921,1089765.07936508,7838616.12698413,8,2594742.85714286,97650.5396825397,602.666666666667,3736,20,6569,14790.5151573333
7819104,511253.2,3357.3,2927207.13333333,2097148,9173470.95,1233188.55,7940282.4,8,2738880,98583.8166666667,743.6,3736,20,6244,17346.3914624
7819104,511623.35483871,3357.6935483871,2927204,2097148,9181851.75806452,1514743.11290323,7667108.64516129,8,2598812.90322581,99514.9677419355,644.451612903226,3736,20,6487,15618.5632418065
7819104,510953.114754098,3357.03278688525,2927271.86885246,2097148,8748454.93442623,1182469.49180328,7565985.44262295,8,2773927.86885246,100457.163934426,691.590163934426,3736,20,6275,16213.2248491803
7819104,510209.777777778,3356.22222222222,2927272,2097148,8880660.79365079,1034588.79365079,7846072,8,2602057.14285714,101398.571428571,621.571428571429,3736,20,6524,15149.973152
7819104,510315.666666667,3356.45,2927272.06666667,2097148,8935248.23333333,1195752.23333333,7739496,8,2773760,102330.116666667,632.333333333333,3736,20,6249,14762.620936
7819104,511070.129032258,3357.14516129032,2927272,2097148,8936800.77419355,2148553.29032258,6788247.48387097,8,2588593.5483871,103264.064516129,663.548387096774,3736,20,6459,16011.9693445161
7819104,509415.525423729,3355.52542372881,2927272.27118644,2097148,9419793.10169492,1115600.55932203,8304192.54237288,8,2726725.42372881,104193.779661017,723.406779661017,3736,20,6106,16502.3670321356
7819104,543004.918032787,3388.45901639344,2927272.13114754,2097148,9243674,1427635.96721311,7816038.03278689,8,2658098.36065574,105103.475409836,667.786885245902,3635,20,6352,15418.8786426229
7819104,551852.8,3396.96666666667,2927272,2097148,9511801.13333333,1046872.46666667,8464928.66666667,8,2700800,106021.916666667,653.783333333333,3635,20,6212,14762.8330123333
7819104,551517.508196721,3396.62295081967,2927272,2097148,9546517.06557377,835500.540983607,8711016.52459016,8,2685481.96721311,106937.327868852,632.229508196721,3635,20,6292,14459.9866183607
7819104,552085.37704918,3397.06557377049,2927272,2097148,9268426.72131148,1025003.7704918,8243422.95081967,8,2659357.37704918,107855.295081967,692.590163934426,3635,20,6354,15996.609572459
7819104,552400.524590164,3397.54098360656,2927272,2097148,9466940.16393443,1094217.93442623,8372722.2295082,8,2751265.57377049,108781.803278689,699.475409836066,3635,20,6278,15962.3995744262
7819104,551113.508196721,3396.40983606557,2927332,2097148,8924075.06557377,928185.491803279,7995889.57377049,8,2617809.83606557,109720.37704918,648.409836065574,3635,20,6357,14983.2567268033
7819104,542155.86440678,3392.5593220339,2932443.18644068,2097148,8425303.44067797,1442522.42372881,6982781.01694915,8,2695159.3220339,110646.644067797,662.084745762712,3635,20,6148,14796.2566566102
7819104,539248.516129032,3391.32258064516,2934116,2097148,8508334.53225807,1269706.27419355,7238628.25806452,8,2652387.09677419,111581.387096774,639.951612903226,3635,20,6474,15059.9749069355
7819104,546209.612903226,3398.16129032258,2934115.35483871,2097148,8412576.91935484,1171948.91935484,7240628,8,2686141.93548387,112532.032258065,674.532258064516,3732,20,6446,16226.8663792258
7819104,550679.612903226,3402.67741935484,2934104.64516129,2097148,9203436.82258065,996760.693548387,8206676.12903226,8,2611819.35483871,113483.322580645,675.806451612903,3657,20,6467,15982.7002596774
7819104,552446.387096774,3404.3064516129,2934100,2097148,9198176.51612903,1091363.35483871,8106813.16129032,8,2640000,114430.983870968,660.112903225807,3630,20,6423,15390.8557940323
7819104,552368.196721311,3404.13114754098,2934100,2097148,9381096.72131148,1077407.80327869,8303688.91803279,8,2724196.72131148,115367.262295082,679.147540983607,3630,20,6291,15509.2373645902
7819104,551919.428571429,3403.61904761905,2934100,2097148,9362365.14285714,1017524.63492063,8344840.50793651,8,2592304.76190476,116305.142857143,608.365079365079,3630,20,6548,14460.3755790476
7819104,551762.466666667,3403.55,2934100,2097148,9559989.5,852478.833333333,8707510.66666667,8,2776960,117229.25,682.133333333333,3630,20,6187,15319.902928
7819104,551845.968253968,3403.61904761905,2934100,2097148,8873600.41269841,711598.761904762,8162001.65079365,8,2590780.95238095,118162.301587302,655.015873015873,3630,20,6530,15526.430752381
7819104,552344.137931034,3404.15517241379,2934159.93103448,2097148,9051446.15517241,1498789.18965517,7552656.96551724,8,2778703.44827586,119089,719.931034482759,3630,20,6023,15740.2049731034
7819104,551952.634920635,3403.79365079365,2934160,2097148,8870048.58730159,1017641.47619048,7852407.11111111,8,2590780.95238095,120013.968253968,625.428571428571,3735,20,6528,15249.2494628571
7819104,552343.266666667,3404.16666666667,2934159.33333333,2097148,8671522.35,1060093.95,7611428.4,8,2776960,120946.3,662.666666666667,3735,20,6199,15342.89694
7819104,551700.317460318,3403.5873015873,2934159.42857143,2097148,9033678.65079365,1661915.98412698,7371762.66666667,8,2574628.57142857,121881.888888889,597.888888888889,3735,20,6501,14517.480615
7819104,550580.6,3402.5,2934159.66666667,2097148,8565972.83333333,1397005.1,7168967.73333333,8,2776960,122809.95,739.516666666667,3735,20,6239,17232.70914525
7819104,548439.419354839,3400.37096774194,2934160,2097148,9280828.16129032,1054907.38709677,8225920.77419355,8,2583638.70967742,123745.919354839,644.741935483871,3735,20,6443,15515.4600043548
7819104,548503.533333333,3400.46666666667,2934160,2097148,9293033.8,1520508.33333333,7772525.46666667,8,2692800,124675.95,675.716666666667,3735,20,6165,15559.23778875
7819104,547042.516129032,3399.12903225806,2934160,2097148,9228165.96774194,1084293.96774194,8143872,8,2633496.77419355,125595.516129032,633.096774193548,3735,20,6415,15169.0145370968
7819104,546056.813559322,3398.05084745763,2934160,2097148,9710565.45762712,905499.966101695,8805065.49152542,8,2725098.30508475,126515,631.610169491525,3735,20,6105,14402.0856165254
7819104,538721.704918033,3393.7868852459,2936938.81967213,2097148,8909630.01639344,1084517.2295082,7825112.78688525,8,2673836.06557377,127431.37704918,718.377049180328,3735,20,6397,17164.0355687705
7819104,536658.819672131,3392.34426229508,2937767.93442623,2097148,8748890.1147541,1446115.16393443,7302774.95081967,8,2605849.18032787,128376.590163934,670.688524590164,3683,20,6368,15729.8886840656
7819104,535097.666666667,3390.78333333333,2937768,2097148,8990298.01666667,1293945.61666667,7696352.4,8,2698240,129313.783333333,675.733333333333,3683,20,6197,15422.6341957333
7819104,540048.983606557,3395.72131147541,2937748.72131148,2097148,8869697.98360656,1681839.62295082,7187858.36065574,8,2650229.50819672,130237.918032787,635.819672131148,3683,20,6394,14972.9823126229
7819104,541888.852459016,3397.60655737705,2937744,2097148,8872955.49180328,1384611.2295082,7488344.26229508,8,2729232.78688525,131174.295081967,650.409836065574,3629,20,6307,14886.647320082
7819104,541636.322580645,3397.37096774194,2937744,2097148,9074285.48387097,1533560.58064516,7540724.90322581,8,2604077.41935484,132111.451612903,668.951612903226,3629,20,6506,15794.1308733871
7819104,541178.129032258,3396.79032258065,2937744,2097148,9280770.0483871,1828005.01612903,7452765.03225806,8,2628541.93548387,133052.548387097,672.370967741936,3629,20,6400,15616.2191483871
7819104,539477.333333333,3395.08333333333,2937744,2097148,9666394.38333333,1136969.18333333,8529425.2,8,2711680,133986.833333333,699.65,3629,20,6231,15820.69499535
7819104,537012.064516129,3392.62903225806,2937743.87096774,2097148,9294498,1362768.96774194,7931729.03225806,8,2578683.87096774,134920.790322581,653.5,3629,20,6496,15405.598544
7819104,532707.409836066,3388.60655737705,2937743.93442623,2097148,9548133.31147541,1415487.40983607,8132645.90163934,8,2662504.91803279,135858.704918033,649.901639344262,3717.52459016393,20,6207,14996.2691950691
7819104,533382.4,3389.16666666667,2937744,2097148,9362708.53333333,1276483.6,8086224.93333333,8,2688960,136774.366666667,663.783333333333,3719,20,6233,15386.8474804833
