total_memory,free_memory,available_memory,cache_memory,swap_total_memory,app_total_memory,app_free_memory,app_used_memory,no_of_processor,max_cpu_frequency,cputime,current,voltage,process,time,energy,device
3806456,338406.76635514,1395.20093457944,1090780.48598131,1884792,16158400.3738318,5721191.3271028,10437209.046729,8,1710235.51401869,1621.19626168224,345.518691588785,3810,20,24265,31943.0821058411,lg300
3806456,349621.27014218,1405.88151658768,1090526.42654028,1884792,16268508.0189573,5677801.17535545,10590706.8436019,8,1715078.67298578,4385.04739336493,359.549763033175,3810,21,23352,31989.5451127962,lg300
3806456,348942.566037736,1405.39150943396,1090806.16981132,1884792,16276634.3773585,5699896.18867925,10576738.1886792,8,1716316.98113208,7079.99056603774,362.415094339623,3810,22,23263,32121.5855139623,lg300
3806456,342179.603773585,1399.28301886792,1091308.37735849,1884792,16304077.509434,5100202.71698113,11203874.7924528,8,1713962.26415094,9761.85377358491,333.839622641509,3750,23,23310,29181.7560141509,lg300
3806456,346400.962264151,1402.5141509434,1090377.16981132,1884792,16262659.1698113,5410097.32075472,10852561.8490566,8,1716769.81132075,12446.0613207547,349.462264150943,3750,24,23279,30506.7451768868,lg300
3806456,350282.873239437,1406.32863849765,1090389.6713615,1884792,16299071.7746479,5454379.8685446,10844691.9061033,8,1710422.53521127,15119.4882629108,342.056338028169,3750,25,23301,29888.4552464789,lg300
3806456,350096.056338028,1406.16431924883,1090412,1884792,16304440.1502347,5288103.66197183,11016336.4882629,8,1714298.5915493,17790.3943661972,347.971830985916,3750,26,23389,30520.1743309859,lg300
3806456,349854.433962264,1405.90566037736,1090445.98113208,1884792,16249007.8113208,6076338.11320755,10172669.6981132,8,1716498.11320755,20458.4764150943,322.816037735849,3751,27,23247,28149.3961140991,lg300
3806456,336118.915555556,1392.84888888889,1090792.01777778,1884792,14224037.0844444,4516867.98222222,9707169.10222222,8,1713749.33333333,23307.4044444444,324.324444444444,3751,28,30911,37604.4985762356,lg300
3806456,311614.704225352,1369.32394366197,1091172.1314554,1884792,16234347.0046948,5843716.20657277,10390630.7981221,8,1714118.30985916,26182.8122065728,343.178403755869,3751,29,23271,29955.8784813944,lg300
3806456,318009.558685446,1375.41784037559,1091037.99061033,1884792,16255694.8356808,5488099.07981221,10767595.7558685,8,1716191.54929577,28855.0938967136,333.267605633803,3729,30,23346,29013.3559282817,lg300
3806456,308103.172413793,1367.04980842912,1092248.79693487,1884792,11554194.8199234,3274668.99616858,8279525.82375479,8,1699383.90804598,32375.6475095785,237.605363984674,3729,31,773593,685426.917005575,lg300
3806456,241737.067961165,1313.23300970874,1103350.0776699,1884792,15131319.6504854,4462044.31067961,10669275.3398058,8,1712341.74757282,1582.34951456311,290.742718446602,3874,20,24275,27341.8377453883,lg300
3806456,262133.464788732,1333.31455399061,1103806.1971831,1884792,16109695.4366197,5306783.4741784,10802911.9624413,8,1717723.94366197,4458.55399061033,329.150234741784,3874,20,70885,90387.4489455869,lg300
3806456,261826.340611354,1333.24454148472,1103966.3231441,1884792,14282650.6550218,4798182.14847162,9484468.50655022,8,1718861.13537118,7484.59825327511,308.28384279476,3802,20,44595,52269.5841197817,lg300
3806456,247866.077669903,1319.73786407767,1104083.82524272,1884792,16243442.2524272,5254711.33980583,10988730.9126214,8,1717095.14563107,10393.2718446602,330.199029126214,3770,20,23320,29029.9099242718,lg300
3806456,245170.56,1317.24444444444,1104222.24,1884792,14857432.8533333,5252705.63555556,9604727.21777778,8,1713578.66666667,13491.8,310.391111111111,3770,20,117466,137455.716511822,lg300
3806456,236467.773584906,1308.64622641509,1104160.62264151,1884792,16311438.3396226,5395629.88679245,10915808.4528302,8,1717403.77358491,16270.0801886792,348.334905660377,3754,20,23276,30436.8436136226,lg300
3806456,241314.587064677,1313.33830845771,1104180.7960199,1884792,15064520.079602,4268949.01492537,10795571.0646766,8,1698674.62686567,18888.184079602,288.52736318408,3799,20,26174,28689.7258599204,lg300
3806456,236310.09009009,1311.23873873874,1106990.28828829,1884792,15140448.3243243,4929277.69369369,10211170.6306306,8,1721167.56756757,21884.1441441441,321.09009009009,3751,20,135352,163019.157212901,lg300
3806456,257768.432432432,1332.36936936937,1107199.00900901,1884792,14902688.2522523,4862324.54054054,10040363.7117117,8,1715372.97297297,24821.4369369369,274.95045045045,3751,20,59618,61486.376827036,lg300
3806456,268944.450704225,1343.34741784038,1107229.78403756,1884792,16330767.4366197,5997908.80751174,10332858.629108,8,1716281.69014085,27651.3474178404,328.464788732394,3751,20,23338,28754.0828591268,lg300
3806456,268241.333333333,1342.54929577465,1107152,1884792,16340777.7276995,5180364.58215962,11160413.1455399,8,1713757.74647887,30328.8497652582,339.31455399061,3751,20,23382,29759.8822331831,lg300
3806456,266644.769953052,1340.97183098592,1107172.03755869,1884792,16294686.7981221,5766917.48356808,10527769.314554,8,1711774.64788732,33007.779342723,344.704225352113,3751,20,23354,30196.3845182535,lg300
3806456,249747.687242798,1325.06995884774,1107657.8600823,1884792,12336641.0864198,3550451.85185185,8786189.2345679,8,1704296.2962963,36190.9259259259,230.123456790123,3797,20,1258166,1099358.73418864,lg300
3806456,239170.779342723,1315.23474178404,1108194.55399061,1884792,16306185.1267606,5627982.34741784,10678202.7793427,8,1715830.98591549,39344.1596244131,347.596244131455,3765,20,23337,30541.1286130986,lg300
3806456,254428.976525822,1330.00938967136,1108097.97183099,1884792,16295732.2441315,5567804.73239437,10727927.5117371,8,1711954.92957746,42012.9389671362,333.647887323944,3794,20,23293,29485.6789484225,lg300
3806456,253249.44600939,1328.90610328639,1108132.01877934,1884792,16308334.1596244,5720688.37558685,10587645.7840376,8,1709250.70422535,44675.79342723,349.159624413146,3794,20,23268,30823.3898583662,lg300
3806456,268787.535714286,1344.29910714286,1108269.78571429,1884792,14954931.5,4440709.21428571,10514222.2857143,8,1711714.28571429,47565.4285714286,270.955357142857,3794,20,37172,38212.9879205,lg300
3806456,271152.186046512,1346.59534883721,1108285.00465116,1884792,16308699.7209302,4961930.93953488,11346768.7813953,8,1716926.51162791,50399.3674418605,339.93488372093,3757,20,23445,29942.4384715814,lg300
3806456,268320.018691589,1343.64018691589,1108231.71962617,1884792,16308446.2056075,5177363.14018692,11131083.0654206,8,1714183.17757009,53084.6728971963,338.014018691589,3757,20,23471,29806.2610618925,lg300
3806456,266210.741784038,1341.68075117371,1108256.88262911,1884792,16259388.4694836,5753246.34741784,10506142.1220657,8,1713847.88732394,55763.7089201878,345.399061032864,3797,20,23320,30583.7190741784,lg300
3806456,262556.560747664,1338.11682242991,1108284.01869159,1884792,16296052.7476636,5559075.36448598,10736977.3831776,8,1713106.54205607,58439.738317757,343.88785046729,3797,20,23376,30523.0289244112,lg300
3806456,260751.868544601,1336.39436619718,1108303.90610329,1884792,16308329.4647887,5568175.28638498,10740154.1784038,8,1708529.57746479,61113.5305164319,338.455399061033,3797,20,23348,30004.8685276807,lg300
3806456,259502.55399061,1335.23004694836,1108323.90610329,1884792,16314071.6619718,5431528.41314554,10882543.2488263,8,1718535.21126761,63785.6197183099,349.272300469484,3749,20,23353,30578.9285672066,lg300
3806456,257378.985915493,1333.23004694836,1108348,1884792,16316908.1690141,5196168.45070423,11120739.7183099,8,1711774.64788732,66464.7230046948,342.967136150235,3763,20,23382,30176.466264,lg300
3806456,255973.276995305,1331.78403755869,1108384,1884792,16318190.084507,5310683.49295775,11007506.5915493,8,1710152.11267606,69144.3661971831,345.671361502347,3787,20,23293,30491.8750898967,lg300
3806456,263665.892682927,1339.71219512195,1108770.98536585,1884792,14977164.1756098,4969438.12682927,10007726.0487805,8,1700183.41463415,1573.11707317073,302.253658536585,3864,20,24376,28468.9287374049,lg300
3806456,254689.777777778,1331.20444444444,1109051.75111111,1884792,15003512.9955556,4678921.52888889,10324591.4666667,8,1718101.33333333,4691.25777777778,315.413333333333,3864,20,279168,340237.98767616,lg300
3806456,269380.277777778,1345.53240740741,1109026.33333333,1884792,14249616.1111111,4640951.81481481,9608664.2962963,8,1715822.22222222,7650.84259259259,264.393518518519,3796,20,64868,65103.9765701482,lg300
3806456,273745.497630332,1349.88151658768,1109165.08056872,1884792,16264291.6398104,5545030.93838863,10719260.7014218,8,1715442.65402844,10555.2464454976,366.791469194313,3796,20,23191,32289.7666120758,lg300
3806456,279789.264957265,1357.82051282051,1111115.65811966,1884792,10146399.4871795,2566845.60683761,7579553.88034188,8,1730625.64102564,13750.8162393162,146.688034188034,3796,20,1205365,671180.714361111,lg300
3806456,249424.958174905,1332.51330798479,1115636.48669202,1884792,8230932.6539924,1655524.22813688,6575408.42585551,8,1664121.6730038,18176.4258555133,100.71102661597,3739,20,2433315,916285.515818612,lg300
3806456,222292.746887967,1312.53112033195,1122195.85062241,1884792,8416627.58506224,1652130.78838174,6764496.7966805,8,1668647.30290456,22824,100.821576763485,3762,20,2909242,1103448.6434871,lg300
3806456,223053.789473684,1315.43233082707,1124471.77443609,1884792,8363911.60902256,1493072.96240602,6870838.64661654,8,1685052.63157895,27444.030075188,133.996240601504,3795,20,7188692,3655562.98228579,lg300
3806456,212091.264705882,1305.41911764706,1125092.23529412,1884792,8279007.14705882,1605433.91176471,6673573.23529412,8,1657270.58823529,32268.3823529412,57.5147058823529,3795,20,13854362,3023968.16356897,lg300
3806456,198911.818930041,1289.07407407407,1121479.50617284,1884792,8337432.09876543,1575403.0617284,6762029.03703704,8,1674113.58024691,36834.0699588477,128.218106995885,3795,20,1035062,503648.454549506,lg300
3806456,245505.193442623,1333.45573770492,1120496.55081967,1884792,8232414.53114754,1527163.09508197,6705251.43606557,8,1674240,41522.5147540984,71.0524590163934,3795,20,20098377,5419408.41519595,lg300
3806456,219962.827838828,1344.65934065934,1157420.64468864,1884792,8238437.77289377,1795999.17948718,6442438.59340659,8,1684958.24175824,46461.4871794872,159.380952380952,3793,20,7426794,4489734.27675114,lg300
3806456,247104.407272727,1357.14181818182,1143018.99636364,1884792,8396324.24727273,1541815.82545455,6854508.42181818,8,1655040,51117.76,93.4472727272727,3776,20,10799820,3810791.02539404,lg300
3806456,222455.457364341,1346.31782945736,1156634.72868217,1884792,8415413.76744186,1700403.28682171,6715010.48062016,8,1781506.97674419,55797.8837209302,250.542635658915,3792,20,2584967,2455867.73646884,lg300
3806456,271763.382352941,1391.05147058824,1153194.38235294,1884792,8217486.26470588,1722326.08823529,6495160.17647059,8,1655435.29411765,60606.0147058824,89.5,3789,20,5187069,1759015.4974695,lg300
3806456,559592.576744186,1389.13023255814,863360.63255814,1884792,16112676.2418605,6002103.18139535,10110573.0604651,8,1715051.1627907,1612.43720930233,357.553488372093,3856,20,24202,33367.9327306419,lg300
3806456,571999.412322275,1399.92890995261,862157.042654028,1884792,16319191.5829384,5534868.09478673,10784323.4881517,8,1708800,4362.03317535545,344.962085308057,3856,20,23323,31023.6435595071,lg300
3806456,572626.384976526,1400.42253521127,861981.314553991,1884792,16250971.7183099,5096161.99061033,11154809.7276995,8,1720067.6056338,7070.08920187793,325.647887323944,3856,20,23465,29464.9595188732,lg300
3806456,600901.671361502,1428.09389671362,862075.192488263,1884792,16273973.6713615,5520050.44131455,10753923.230047,8,1713938.02816901,9763.91079812207,342.319248826291,3856,20,23395,30881.0028341784,lg300
3806456,609981.009345794,1437.06542056075,862111.570093458,1884792,16290136.3364486,4874376.93457944,11415759.4018692,8,1711671.02803738,12460.523364486,348.602803738318,3767,20,23490,30846.7570319159,lg300
3806456,609265.821596244,1436.28638497653,862148.169014085,1884792,16252405.258216,5676044.88262911,10576360.3755869,8,1712225.35211268,15149.20657277,322.549295774648,3767,20,23346,28366.3984814366,lg300
3806456,607928.488262911,1435.14084507042,862168.300469484,1884792,16273367.3615023,6280803.83098592,9992563.53051643,8,1709521.12676056,17824.7840375587,337.173708920188,3767,20,23359,29669.0451913333,lg300
3806456,614225.971830986,1441.31924882629,862188,1884792,16311901.7464789,6092081.76525822,10219819.9812207,8,1709430.98591549,20496.1690140845,343.840375586854,3763,20,23355,30218.36499,lg300
3806456,611161.615023474,1438.23004694836,862208.075117371,1884792,16326437.7464789,5333529.91549296,10992907.8309859,8,1718354.92957746,23164.8638497653,341.267605633803,3763,20,23349,29984.55231,lg300
3806456,611002.835680751,1438.18309859155,862232.187793427,1884792,16327269.7840376,5365225.57746479,10962044.2065728,8,1715650.70422535,25834.6197183099,345.112676056338,3763,20,23324,30289.922516,lg300
3806456,612269.813084112,1439.54205607477,862251.906542056,1884792,16267110.9158879,5822609.79439252,10444501.1214953,8,1724142.05607477,28501.7336448598,341.294392523364,3763,20,23324,29954.7985974019,lg300
3806456,613356.225352113,1440.52112676056,862272.187793427,1884792,16299054.0469484,5309407.06103286,10989646.9859155,8,1717092.95774648,31162.4507042254,341.915492957746,3762,20,23306,29978.1834855211,lg300
3806456,618947.154929578,1445.92018779343,862296.037558686,1884792,16298759.2488263,5886713.08920188,10412046.1596244,8,1709430.98591549,33818.3286384977,344.638497652582,3762,20,23264,30162.4745753239,lg300
3806456,617321.276995305,1444.41314553991,862348.018779343,1884792,16264548.5070423,5554713.91549296,10709834.5915493,8,1713667.6056338,36475.3051643193,340.403755868545,3762,20,23336,29884.0566206197,lg300
3806456,617702.602870813,1444.96650717703,862466.507177033,1884792,15496526.6220096,5364566.96650718,10131959.6555024,8,1713485.16746411,39123.6220095694,302.320574162679,3756,20,23327,26488.183517799,lg300
3806456,623281.070422535,1450.95774647887,863048.018779343,1884792,16265345.8779343,5896838.15962441,10368507.7183099,8,1708890.14084507,41804.779342723,366.427230046948,3756,20,23228,31968.7121034366,lg300
3806456,629830.122065728,1457.15492957746,862900.676056338,1884792,16256902.084507,6058424.11267606,10198477.971831,8,1712405.63380282,44462.4882629108,340.953051643192,3789,20,23289,30086.3863431127,lg300
3806456,629111.342723005,1456.41314553991,862892,1884792,16284531.342723,5673920.97652582,10610610.3661972,8,1716371.83098592,47122.0046948357,342.760563380282,3789,20,23262,30210.8193978592,lg300
3806456,627602.497652582,1455.00469483568,862912,1884792,16259802.3286385,5535772.84507042,10724029.4835681,8,1712856.33802817,49784.2300469484,343.901408450704,3789,20,23320,30386.9496219718,lg300
3806456,625713.457943925,1453.21495327103,862936.168224299,1884792,16244477.3084112,5131690.5046729,11112786.8037383,8,1714452.3364486,52455.4158878505,341.177570093458,3760,20,23363,29970.7027035514,lg300
3806456,632641.014084507,1460.05633802817,862991.568075118,1884792,16248749.0328639,5428187.30516432,10820561.7276995,8,1708709.85915493,55114.8215962441,360.201877934272,3760,20,23299,31555.2117630047,lg300
3806456,642297.514018692,1469.55140186916,863026.841121495,1884792,16274064.1869159,5705834.65420561,10568229.5327103,8,1713914.01869159,57783.3457943925,340.308411214953,3760,20,23353,29881.5559499065,lg300
3806456,639542.215962441,1466.83568075117,863060,1884792,16269297.2018779,5428379.38028169,10840917.8215962,8,1714478.87323944,60445.3192488263,342.183098591549,3735,20,23352,29845.1140478873,lg300
3806456,637802.373831776,1465.14018691589,863080,1884792,16288268.5233645,5487012.56074766,10801255.9626168,8,1709876.63551402,63116.5654205608,342.397196261682,3735,20,23385,29905.9897531542,lg300
3806456,636089.464788732,1463.42253521127,863100,1884792,16305679.8497653,5454006.15962441,10851673.6901408,8,1721239.43661972,65777.0657276995,339.272300469484,3735,20,23307,29534.2118588028,lg300
3806456,634593.953051643,1462.10798122066,863124,1884792,16292707.6807512,5460040.07511737,10832667.6056338,8,1716371.83098592,68443.4084507042,345.389671361502,3735,20,23323,30087.3795447887,lg300
3806456,633946.093457944,1461.41121495327,863144.093457944,1884792,16286399.2149533,5396228.18691589,10890171.0280374,8,1713196.26168224,71113.0560747664,342.728971962617,3752,20,23371,30053.2153516262,lg300
3806456,641395.364485981,1468.76635514019,863219.70093458,1884792,16287711.4392523,5691965.68224299,10595745.7570093,8,1721899.06542056,73778.6168224299,343.593457943925,3752,20,23331,30077.453885271,lg300
3806456,639508.336448598,1466.92990654206,863247.906542056,1884792,16296173.3457944,5820899.62616822,10475273.7196262,8,1714362.61682243,76442.7429906542,343.658878504673,3756,20,23365,30159.1388991589,lg300
3806456,637715.868544601,1465.28638497653,863268.187793427,1884792,16289165.7089202,5502638.94835681,10786526.7605634,8,1716642.25352113,79104.4131455399,341.929577464789,3756,20,23337,29971.4172231549,lg300
3806456,635685.70093458,1463.32710280374,863296.953271028,1884792,16296251.2523364,5767589.71962617,10528661.5327103,8,1715618.69158879,81770.3504672897,347.359813084112,3756,20,23329,30436.9603903738,lg300
3806456,424729.265116279,1478.60930232558,1089968.57674419,1884792,16048069.4697674,5006524.7627907,11041544.7069767,8,1718712.55813953,1621.78604651163,346.567441860465,4135,20,24320,34851.9309693023,lg300
3806456,453153.596244131,1507.40845070423,1091008.01877934,1884792,16164662.2347418,5431562.29107981,10733099.943662,8,1713126.76056338,4388.97183098592,346.708920187793,4135,20,23619,33861.1758717606,lg300
3806456,453177.76744186,1506.99069767442,1090567.06976744,1884792,16215498.0837209,5516911.47906977,10698586.6046512,8,1716747.90697674,7108.74418604651,349.111627906977,4135,20,23614,34088.6173930698,lg300
3806456,450803.831775701,1504.75700934579,1090651.36448598,1884792,16249731.9252336,5470762.61682243,10778969.3084112,8,1717682.24299065,9806.66355140187,353.672897196262,4135,20,23524,34402.3781011215,lg300
3806456,449349.046728972,1503.54672897196,1090734.56074766,1884792,16294429.2336449,5577829.27102804,10716599.9626168,8,1715977.57009346,12500.738317757,354.948598130841,4135,20,23506,34500.0489265888,lg300
3806456,447342.027906977,1501.45581395349,1090772,1884792,16315266.6790698,5781090.34418605,10534176.3348837,8,1715586.97674419,15200.6604651163,346.846511627907,4042,20,23541,33003.3896976,lg300
3806456,457198.525345622,1509.87557603687,1089490.06451613,1884792,16415107.281106,5224775.85253456,11190331.4285714,8,1713489.40092166,17898.202764977,344.133640552995,4042,20,23648,32894.0883651244,lg300
3806456,468087.013953488,1519.12558139535,1088084.01860465,1884792,16440864.744186,5618190.02790698,10822674.7162791,8,1714604.65116279,20591.3023255814,351.13488372093,4042,20,23531,33397.2471032,lg300
3806456,469251.627906977,1520.2976744186,1088095.38604651,1884792,16444361.0418605,5995050.97674419,10449310.0651163,8,1713622.3255814,23279.5953488372,355.562790697674,4038,20,23550,33812.2080251163,lg300
3806456,463324.055299539,1514.64516129032,1088223.28110599,1884792,16527190.6359447,5522745.69585254,11004444.9400922,8,1715347.46543779,25974.7880184332,341.387096774194,4038,20,23589,32517.9341518065,lg300
3806456,461674.425925926,1513.28703703704,1088508,1884792,16079344.037037,5635204.74074074,10444139.2962963,8,1711111.11111111,28737.6157407407,339.953703703704,4034,20,23587,32346.5806293518,lg300
3806456,463984.502325581,1515.53023255814,1088508,1884792,16136959.5162791,6048574.95813954,10088384.5581395,8,1709425.11627907,31416.1860465116,342.209302325581,4034,20,23550,32510.1232674419,lg300
3806456,470961.203703704,1522.25462962963,1088508.01851852,1884792,16183048.1481481,5412180.88888889,10770867.2592593,8,1718666.66666667,34106.4768518519,346.277777777778,4034,20,23626,33002.7945095556,lg300
3806456,480068.598130841,1531.39719626168,1088508,1884792,16200028.411215,5199475.47663551,11000552.9345794,8,1714003.73831776,36788.5420560748,341.392523364486,4030,20,23513,32349.4644795327,lg300
3806456,478212.888888889,1529.41666666667,1088508.03703704,1884792,16298959.6666667,5589370.81481481,10709588.8518519,8,1708177.77777778,39471.1805555556,349.388888888889,4030,20,23549,33157.8685461111,lg300
3806456,476647.758139535,1527.91627906977,1088540.89302326,1884792,16319006.8093023,5673759.70232558,10645247.1069767,8,1714426.04651163,42148.5860465116,341.925581395349,4030,20,23555,32457.8499911628,lg300
3806456,472637.037037037,1524.01388888889,1088591.53703704,1884792,16400795.962963,5940271.66666667,10460524.2962963,8,1709777.77777778,44843.8657407407,338.476851851852,4030,20,23596,32186.4001790741,lg300
3806456,470785.172093023,1522.33488372093,1088598.51162791,1884792,16408859.6093023,6059392.0372093,10349467.572093,8,1714426.04651163,47521.9441860465,342.679069767442,4029,20,23543,32504.736464986,lg300
3806456,469312.296296296,1520.86111111111,1088632.38888889,1884792,16464034.7037037,5895167.55555556,10568867.1481481,8,1711644.44444444,50217.9583333333,343.884259259259,4029,20,23612,32714.6545772778,lg300
3806456,465386.592592593,1517.02777777778,1088644.05555556,1884792,16529447.4444444,5148469.66666667,11380977.7777778,8,1710933.33333333,52906.9953703704,343.268518518519,4029,20,23609,32651.9283819722,lg300
3806456,462310.703703704,1514.27314814815,1088925.16666667,1884792,16119830.4814815,5519018.37037037,10600812.1111111,8,1720711.11111111,55645.375,353.726851851852,4024,20,23598,33589.31891,lg300
3806456,472144.055555556,1523.96759259259,1088955.66666667,1884792,16202332.2962963,5978569.66666667,10223762.6296296,8,1709866.66666667,58320.9583333333,337.726851851852,4024,20,23574,32037.3689695556,lg300
3806456,471438.790697675,1523.27906976744,1088956.52093023,1884792,16271720.7813954,5415305.6372093,10856415.144186,8,1711211.1627907,61004.1023255814,339.437209302326,4024,20,23571,32195.5188289116,lg300
3806456,469184.893023256,1521.15348837209,1088956.01860465,1884792,16322386.9395349,5011640.89302326,11310746.0465116,8,1715676.27906977,63682.7720930233,339.506976744186,4024,20,23610,32255.4171170233,lg300
3806456,468043.537037037,1519.9212962963,1088956,1884792,16294493.5925926,5359565.96296296,10934927.6296296,8,1707822.22222222,66371.2037037037,343.472222222222,4027,20,23638,32695.1984580556,lg300
3806456,466063.388888889,1518.10185185185,1088959.07407407,1884792,16368556.7037037,5372682.85185185,10995873.8518519,8,1712000,69068.4305555556,343.444444444444,4027,20,23602,32642.7644571111,lg300
3806456,464636.592592593,1516.60185185185,1088960.01851852,1884792,16396425.6296296,5682276.92592593,10714148.7037037,8,1714222.22222222,71756.1527777778,350.050925925926,4024,20,23651,33314.9151030741,lg300
3806456,462766.592592593,1514.84259259259,1088960,1884792,16470759.2962963,5540142.96296296,10930616.3333333,8,1717422.22222222,74451.7592592593,345.592592592593,4024,20,23617,32843.3256832593,lg300
3806456,460450.925925926,1512.56018518519,1088979.31481481,1884792,16535635.4444444,5360322.40740741,11175313.037037,8,1718133.33333333,77136.9814814815,345.888888888889,4021,20,23637,32874.7939556667,lg300
3806456,458765.640552995,1510.95391705069,1088988.40552995,1884792,16550393.8064516,5337711.85253456,11212681.9539171,8,1711011.98156682,79850.7741935484,350.857142857143,4021,20,23770,33534.6345028571,lg300
3806456,466784.185185185,1519.10648148148,1089301.66666667,1884792,16146293.4444444,5974394.96296296,10171898.4814815,8,1712088.88888889,82602.9166666667,340.615740740741,4021,20,23614,32342.1097095463,lg300
3806456,476225.5,1528.21759259259,1089308.16666667,1884792,16175824.8518519,5254021.85185185,10921803,8,1714133.33333333,85284.1990740741,338.421296296296,4017,20,23676,32186.0623088333,lg300
3806456,473713.685185185,1525.83333333333,1089308,1884792,16240742.5555556,5846774.51851852,10393968.037037,8,1706666.66666667,87972.212962963,338.787037037037,4017,20,23618,32141.9139910556,lg300
3806456,471869.216589862,1524.11520737327,1089370.04608295,1884792,16358764.7557604,5328166.6359447,11030598.1198157,8,1711188.94009217,90659.2764976959,343.930875576037,4017,20,23673,32705.9143555438,lg300
3806456,470049.518518519,1522.32407407407,1089414.44444444,1884792,16340898.2962963,6003958.07407407,10336940.2222222,8,1713688.88888889,93347.6388888889,340.814814814815,4017,20,23590,32295.9628911111,lg300
3806456,468206.88372093,1520.56279069767,1089432,1884792,16381729.5627907,5707767.40465116,10673962.1581395,8,1714068.8372093,96028.2372093023,356.041860465116,4016,20,23472,33561.7704281302,lg300
3806456,466504.558139535,1518.93953488372,1089432,1884792,16440654.6976744,6004374.73488372,10436279.9627907,8,1708710.69767442,98700.2604651163,352.539534883721,4016,20,23529,33312.3293085767,lg300
3806456,468413.203703704,1520.82407407407,1089462.12962963,1884792,16454809.5925926,6198461.18518519,10256348.4074074,8,1707911.11111111,101386.027777778,347.25462962963,4016,20,23541,32829.6804842222,lg300
3806456,465659.5,1518.12037037037,1089464,1884792,16541226.9259259,5037008.07407407,11504218.8518519,8,1717066.66666667,104074.064814815,347.00462962963,4016,20,23662,32974.6673619259,lg300
3806456,465391.702325581,1517.92093023256,1089467.59069767,1884792,16544629.4325581,5592802.90232558,10951826.5302326,8,1713622.3255814,106766.88372093,347.139534883721,4016,20,23569,32857.8344978605,lg300
3806456,463856.911627907,1516.57209302326,1089684.0372093,1884792,16155748.0930233,5437802.45581395,10717945.6372093,8,1707639.06976744,109507.120930233,353.693023255814,4016,20,23529,33421.3252670512,lg300
3806456,461702.586046512,1514.44651162791,1089693.09767442,1884792,16161615.0697674,6223841.6,9937773.46976744,8,1711300.46511628,112173.63255814,348.097674418605,4016,20,23439,32766.7905450419,lg300
3806456,458303.37037037,1511.1712962963,1089700,1884792,16243382.5925926,5177271.81481481,11066110.7777778,8,1717777.77777778,114844.143518519,339.606481481481,4008,20,23666,32212.8049788889,lg300
3806456,456730.120930233,1509.64186046512,1089700.0372093,1884792,16363310.4744186,5648596.27906977,10714714.1953488,8,1710139.53488372,117534.576744186,343.493023255814,4008,20,23515,32373.5716749767,lg300
3806456,449720.331797235,1503.35944700461,1090323.92626728,1884792,16356892.718894,5525899.94470046,10830992.7741935,8,1718178.80184332,120219.244239631,361.327188940092,4015,20,23573,34198.0267869124,lg300
3806456,436313.376744186,1492.18139534884,1092270.49302326,1884792,16383160.6325581,5587057.86046512,10796102.772093,8,1711568.37209302,122884.744186047,353.962790697674,4015,20,23517,33421.4339395814,lg300
3806456,409829.055555556,1472.28703703704,1098389.11111111,1884792,16430840.5555556,5442457.48148148,10988383.0740741,8,1722400,125543.287037037,395.083333333333,4011,20,23308,36935.703959,lg300
3806456,432759.518518519,1498.60185185185,1102311.35185185,1884792,16474138.2222222,5437888.33333333,11036249.8888889,8,1715200,128221.393518519,345.083333333333,4011,20,23591,32652.99313675,lg300
3806456,457650.267281106,1522.14746543779,1101658.50691244,1884792,16536476.3133641,5466413.16129032,11070063.1520737,8,1714905.06912442,130913.99078341,350.423963133641,4011,20,23619,33197.6976404516,lg300
3806456,456541.732718894,1521.17511520737,1101660,1884792,16559201.843318,5030497.76958525,11528704.0737327,8,1711365.89861751,133610.718894009,343.248847926267,4011,20,23760,32712.0820258064,lg300
3806456,467956.405529954,1534.82949308756,1104213.38248848,1884792,16127315.281106,5814307.42857143,10313007.8525346,8,1712693.0875576,136364.658986175,346.41935483871,4007,20,23651,32830.0087942903,lg300
3806456,475824.01843318,1542.89861751152,1104744.03686636,1884792,16224387.9078341,5174870.85714286,11049517.0506912,8,1712781.56682028,139051.175115207,345.746543778802,4007,20,23800,32972.6723419355,lg300
3806456,477384.571428571,1544.51152073733,1104744.01843318,1884792,16276062.8202765,5060093.12442396,11215969.6958525,8,1714551.15207373,141753.98156682,340.548387096774,4007,20,23682,32315.9216812258,lg300
3806456,477501.111111111,1544.55092592593,1104744,1884792,16270190.2222222,6133626.96296296,10136563.2592593,8,1705955.55555556,144441.958333333,344.509259259259,4004,20,23618,32579.0252194815,lg300
3806456,474489.087557604,1541.68202764977,1104744,1884792,16376132.2396313,5170076.46082949,11206055.7788018,8,1715435.94470046,147137.225806452,351.009216589862,4004,20,23743,33369.3833652903,lg300
3806456,473926.71627907,1541.04651162791,1104744.01860465,1884792,16355156.9488372,5719510.4744186,10635646.4744186,8,1716658.60465116,149825.479069767,358.102325581395,4004,20,23515,33716.7878489302,lg300
3806456,472011.106976744,1539.27906976744,1104744.0372093,1884792,16449015.3674419,5458185.00465116,10990830.3627907,8,1718355.34883721,152505.641860465,349.837209302326,4004,20,23561,33003.0280114419,lg300
3806456,469314.820276498,1536.65898617512,1104766.94930876,1884792,16496817.9907834,4584306.50691244,11912511.483871,8,1720656.22119816,155207.935483871,340.741935483871,4005,20,23787,32461.4398195161,lg300
3806456,470899.555555556,1538.17592592593,1104768.01851852,1884792,16481580.5185185,5379887.11111111,11101693.4074074,8,1713866.66666667,157913.134259259,341.412037037037,4005,20,23642,32327.0118354167,lg300
3806456,470559.851851852,1537.76388888889,1104768,1884792,16525981.3703704,5675116.40740741,10850864.962963,8,1709955.55555556,160604.481481482,350.481481481481,4005,20,23630,33168.9190166667,lg300
3806456,468350.425925926,1535.90277777778,1104992.38888889,1884792,16240931.5185185,5468374.81481481,10772556.7037037,8,1707733.33333333,163350.638888889,342.111111111111,4005,20,23672,32434.30916,lg300
3806456,466953.407407407,1534.54166666667,1104992.16666667,1884792,16195654.5925926,5817136.77777778,10378517.8148148,8,1713511.11111111,166038.25462963,353.708333333333,4007,20,23673,33551.962861625,lg300
3806456,463524.407407407,1531.17592592593,1104992.01851852,1884792,16242583.037037,5121107.88888889,11121475.1481481,8,1713600,168729.226851852,344.444444444444,4007,20,23671,32670.4511888889,lg300
3806456,463206.586046512,1530.86511627907,1104992,1884792,16326526.6976744,5956463.77674419,10370062.9209302,8,1710943.25581395,171412.190697674,345.33488372093,4007,20,23566,32609.6146121581,lg300
3806456,461516.405529954,1529.1935483871,1104992,1884792,16333107.5391705,5878533.4562212,10454574.0829493,8,1710746.5437788,174096.31797235,342.082949308756,4007,20,23655,32424.5324687558,lg300
3806456,459407,1527.19444444444,1104992,1884792,16397006.2592593,6063293.18518519,10333713.0740741,8,1709244.44444444,176796.143518519,341.814814814815,4004,20,23607,32309.1662226667,lg300
3806456,457912.018518519,1525.72685185185,1104991.98148148,1884792,16427925.037037,5367940.2962963,11059984.7407407,8,1712355.55555556,179489.708333333,343.351851851852,4004,20,23627,32481.9463116296,lg300
3806456,454866.381395349,1522.65581395349,1104992,1884792,16451955.2372093,5613310.3627907,10838644.8744186,8,1714872.55813954,182171.041860465,351.609302325581,4004,20,23538,33137.8237515907,lg300
3806456,454421.555555556,1522.28703703704,1104992.51851852,1884792,16528670.1111111,5538841.37037037,10989828.7407407,8,1707822.22222222,184852.916666667,342.884259259259,4004,20,23611,32415.744342463,lg300
3806456,452039.833333333,1519.94907407407,1104999.55555556,1884792,16531181.962963,5557949.18518519,10973232.7777778,8,1717422.22222222,187550.101851852,348.680555555556,4001,20,23596,32918.0930219444,lg300
3806456,450735.743119266,1518.99082568807,1105315.94495413,1884792,16156116.733945,5904579.88990826,10251536.8440367,8,1710121.10091743,190292.082568807,356.522935779817,4001,20,23576,33629.9443205138,lg300
3806456,454999.037037037,1523.47222222222,1105592.01851852,1884792,16229507.1481481,5616663.40740741,10612843.7407407,8,1714666.66666667,192958.824074074,353.439814814815,4001,20,23568,33327.8080917778,lg300
3806456,452948.574074074,1521.23148148148,1105238.12962963,1884792,16265608.7777778,5413178.7037037,10852430.0740741,8,1716800,195630.703703704,350.398148148148,4001,20,23595,33078.8448665278,lg300
3806456,461211.314814815,1529.125,1105244.96296296,1884792,16285905.0740741,5549022.18518519,10736882.8888889,8,1706666.66666667,198318.162037037,352.782407407407,3988,20,23573,33164.7650829815,lg300
3806456,483769.990697674,1551.3023255814,1105276.22325581,1884792,16335584.7813954,5921635.01395349,10413949.7674419,8,1711925.58139535,200999.269767442,349.246511627907,3988,20,23566,32822.6090525767,lg300
3806456,510479.004608295,1577.39170506912,1105376,1884792,16409125.7511521,4841037.41935484,11568088.3317972,8,1712604.60829493,203688.225806452,356.847926267281,3988,20,23695,33720.5803122581,lg300
3806456,543834.635944701,1609.94930875576,1105376.1843318,1884792,16419385.8801843,4811851.98156682,11607533.8986175,8,1714993.5483871,206386.838709677,349.612903225806,3988,20,23748,33110.7976165161,lg300
3806456,542461.685185185,1608.61574074074,1105376,1884792,16467059.1851852,4964673.92592593,11502385.2592593,8,1718400,209084.152777778,342.37037037037,3994,20,23636,32320.5106998519,lg300
3806456,542353.444444445,1608.56481481481,1105376,1884792,16488026.4444444,5508247.7037037,10979778.7407407,8,1714933.33333333,211781.625,341.365740740741,3994,20,23633,32221.5812243982,lg300
3806456,540723.534883721,1607.01395348837,1105376.01860465,1884792,16541979.7209302,5417978.79069767,11124000.9302326,8,1713711.62790698,214473.804651163,345.753488372093,3994,20,23613,32608.1228209954,lg300
3806456,538461.240740741,1604.92592592593,1105629.7037037,1884792,16167338.9259259,5860313.48148148,10307025.4444444,8,1706133.33333333,217218.365740741,337.625,3994,20,23666,31912.9916005,lg300
3806456,538104.666666667,1604.61111111111,1105646.85185185,1884792,16156308.2592593,6180259.18518519,9976049.07407407,8,1709600,219898.319444444,346.703703703704,3993,20,23594,32663.2478504444,lg300
3806456,536196.777777778,1602.7962962963,1105660.03703704,1884792,16295676.1851852,5813155.59259259,10482520.5925926,8,1716355.55555556,222582.24537037,352.134259259259,3993,20,23642,33242.3565225278,lg300
3806456,533182.722222222,1599.8287037037,1105660,1884792,16272684.4814815,5497264.33333333,10775420.1481481,8,1708888.88888889,225274.861111111,345.402777777778,3993,20,23614,32568.2703894167,lg300
3806456,534091.907407407,1600.72222222222,1105660.03703704,1884792,16319160.9259259,5812308.18518519,10506852.7407407,8,1714133.33333333,227953.810185185,345.138888888889,3981,20,23554,32363.1469291667,lg300
3806456,531628.755760369,1598.35023041475,1105660,1884792,16371833.6958525,4896890.24884793,11474943.4470046,8,1712073.73271889,230646.456221198,342.801843317972,3989,20,23750,32476.6181336406,lg300
3806456,530453.148148148,1597.22685185185,1105660,1884792,16484436.8148148,5097365.62962963,11387071.1851852,8,1713600,233343.087962963,349.166666666667,3989,20,23639,32925.0098741667,lg300
3806456,530968.608294931,1597.72350230415,1105660,1884792,16441921.0322581,5372460.75576037,11069460.2764977,8,1718178.80184332,236039.239631336,354.36866359447,3989,20,23687,33483.3889023687,lg300
3806456,530089.637209302,1596.89302325581,1105660.31627907,1884792,16501340.7627907,5378090.64186047,11123250.1209302,8,1719248.37209302,238728.990697674,341.725581395349,3986,20,23581,32120.1085064465,lg300
3806456,528724.01843318,1595.4930875576,1105664,1884792,16552556.3502304,5451881.88018433,11100674.4700461,8,1718355.76036866,241426.963133641,342.023041474654,3986,20,23638,32225.7762483502,lg300
3806456,526293.425925926,1593.40740740741,1105883.7962963,1884792,16153005.8888889,5219346.66666667,10933659.2222222,8,1713955.55555556,244172.282407407,341.356481481481,3986,20,23676,32214.6768374444,lg300
3806456,523988.037037037,1591.05555555556,1105887.12962963,1884792,16207204.4814815,5694062,10513142.4814815,8,1713955.55555556,246865.208333333,349.268518518519,3986,20,23701,32996.1604454259,lg300
3806456,521422.851851852,1588.58796296296,1105896.61111111,1884792,16253252.3333333,5454454.59259259,10798797.7407407,8,1712000,249560.49537037,346.907407407407,3982,20,23636,32650.4228632593,lg300
3806456,518489.055555556,1585.72222222222,1105899.98148148,1884792,16398914.7407407,5162021.85185185,11236892.8888889,8,1710666.66666667,252252.925925926,348.49537037037,3982,20,23696,32883.1421518519,lg300
3806456,516259,1583.65277777778,1105900.16666667,1884792,16347020.2222222,5101553.22222222,11245467,8,1715288.88888889,254950.773148148,345.550925925926,3982,20,23626,32508.992952537,lg300
3806456,515564.334883721,1582.88372093023,1105902.79069767,1884792,16371921.4511628,5668272.96744186,10703648.4837209,8,1712640,257633.851162791,347.367441860465,3982,20,23567,32598.2786562605,lg300
3806456,512075.852534562,1579.45161290323,1105904.01843318,1884792,16476191.0414747,5482542.59907834,10993648.4423963,8,1723752.99539171,260308.211981567,354.760368663594,3977.02304147465,20,23509,33168.6167803066,lg300
3806456,510985.637209302,1578.45581395349,1105904,1884792,16451770.4186047,5713964.09302326,10737806.3255814,8,1714426.04651163,263001.218604651,343.148837209302,3977,20,23528,32108.7304330791,lg300
3806456,508266.314814815,1575.78703703704,1105904.92592593,1884792,16494625.6296296,5426954.03703704,11067671.5925926,8,1716266.66666667,265687.009259259,345.958333333333,3977,20,23566,32423.9006894167,lg300
3806456,520897.419354839,1588.10138248848,1105928,1884792,16550275.8341014,5570800.95852535,10979474.875576,8,1711188.94009217,268379.230414747,354.493087557604,3977,20,23654,33347.8588440092,lg300
3806456,526159.12962963,1593.48148148148,1106160,1884792,16150625.8148148,5454240.88888889,10696384.9259259,8,1709155.55555556,271122.180555556,341.888888888889,3978,20,23635,32144.40359,lg300
3806456,525245.481481482,1592.55555555556,1106160.18518519,1884792,16172321.7037037,5971625.77777778,10200695.9259259,8,1712711.11111111,273805.759259259,342.796296296296,3978,20,23660,32263.8091533333,lg300
3806456,528561.111111111,1595.8287037037,1106167.48148148,1884792,16255510.5555556,5046612.88888889,11208897.6666667,8,1708177.77777778,276492.717592593,344.101851851852,3978,20,23695,32434.5966641667,lg300
3806456,534459.702325581,1601.57209302326,1106176,1884792,16276248.8186047,5633257.37674419,10642991.4418605,8,1715676.27906977,279183.386046512,344.237209302326,3978,20,23566,32270.7058280372,lg300
3806456,535419.668202765,1602.57603686636,1106180.12903226,1884792,16350608.1105991,6195319.74193548,10155288.3686636,8,1709242.39631336,281873.124423963,349.239631336406,3976,20,23753,32982.8641174194,lg300
3806456,531771.723502304,1599.08294930876,1106245.93548387,1884792,16374917.7142857,5616861.34562212,10758056.3686636,8,1707826.7281106,284574.69124424,354.225806451613,3976,20,23674,33342.5043659355,lg300
3806456,530820.62962963,1598.10648148148,1106248.07407407,1884792,16445656.1481481,5595230.81481481,10850425.3333333,8,1717688.88888889,287263.634259259,345.981481481481,3976,20,23675,32567.8596185185,lg300
3806456,530367.37037037,1597.64814814815,1106248,1884792,16469684.1851852,6030449.37037037,10439234.8148148,8,1706400,289964.796296296,343.319444444444,3969,20,23659,32238.578507625,lg300
3806456,528866.685185185,1596.18518518519,1106248,1884792,16506530.962963,5373989.48148148,11132541.4814815,8,1718133.33333333,292667.578703704,344.796296296296,3969,20,23702,32436.104043,lg300
3806456,527087.611111111,1594.48148148148,1106248,1884792,16564056.3703704,5703551.81481482,10860504.5555556,8,1709155.55555556,295371.430555556,345.944444444444,3969,20,23618,32428.777563,lg300
3806456,525369.246511628,1592.99534883721,1106468,1884792,16158534.1767442,5731561.37674419,10426972.8,8,1709782.3255814,298112.218604651,345.172093023256,3969,20,23632,32375.5572953302,lg300
3806456,523279.539170507,1590.9400921659,1106468,1884792,16189272.0368664,5241450.02764977,10947822.0092166,8,1711365.89861751,300807.483870968,353.68202764977,3970,20,23722,33308.4788878341,lg300
3806456,523795.074074074,1591.59259259259,1106468.16666667,1884792,16250577.7407407,5988106.48148148,10262471.2592593,8,1707822.22222222,303492.078703704,344.75462962963,3970,20,23658,32380.1339602778,lg300
3806456,523715.814814815,1591.39351851852,1106468.01851852,1884792,16293354.7037037,5509404,10783950.7037037,8,1712000,306184.722222222,343.462962962963,3970,20,23588,32163.3693503704,lg300
3806456,521036.202764977,1588.78341013825,1106468,1884792,16379589.7142857,5469103.33640553,10910486.3778802,8,1718267.28110599,308872.617511521,344.746543778802,3970,20,23725,32471.0736520737,lg300
3806456,520160.64516129,1587.92165898618,1106468.07373272,1884792,16373501.6036866,6228480,10145021.6036866,8,1709773.2718894,311572.211981567,348.230414746544,3965,20,23748,32789.6614014747,lg300
3806456,518899.425925926,1586.73611111111,1106468,1884792,16433857.0740741,5893463.59259259,10540393.4814815,8,1712177.77777778,314266.893518519,345.412037037037,3965,20,23614,32340.7597758796,lg300
3806456,516344.907407407,1584.22222222222,1106468.01851852,1884792,16469263.3333333,5829852.66666667,10639410.6666667,8,1713511.11111111,316963.282407407,357.24537037037,3965,20,23561,33373.6356491898,lg300
3806456,514527.481481481,1582.47222222222,1106468.01851852,1884792,16507573.5925926,5473882.62962963,11033690.962963,8,1716088.88888889,319647.365740741,345.796296296296,3961,20,23601,32326.2691583889,lg300
3806456,512906.907407407,1580.89814814815,1106468,1884792,16578099.2592593,5245801.66666667,11332297.5925926,8,1713422.22222222,322340.689814815,348.111111111111,3961,20,23661,32625.398377,lg300
3806456,511138.703703704,1579.36111111111,1106694.09259259,1884792,16156115.962963,5309591.40740741,10846524.5555556,8,1711288.88888889,325089.157407407,343.106481481481,3961,20,23593,32063.9433328843,lg300
3806456,508689.28372093,1576.93023255814,1106700.0372093,1884792,16204424.7069767,5553487.62790698,10650937.0790698,8,1710586.04651163,327765.362790698,344.027906976744,3961,20,23534,32069.653293414,lg300
3806456,507018.156682028,1575.31797235023,1106700,1884792,16233964.6451613,5500693.01382488,10733271.6313364,8,1716497.69585253,330446.811059908,347.838709677419,3961,20,23645,32577.8239559677,lg300
3806456,504991.059907834,1573.34101382488,1106700,1884792,16365663.59447,5627782.8202765,10737880.7741935,8,1708180.64516129,333138.539170507,355.373271889401,3961,20,23678,33329.9467222488,lg300
3806456,502009.76744186,1570.44186046512,1106707.21860465,1884792,16377905.0790698,5887609.15348837,10490295.9255814,8,1709514.41860465,335820.548837209,346.13023255814,3961,20,23494,32210.7873712186,lg300
3806456,500015.739534884,1568.47441860465,1106708,1884792,16390559.9627907,6215733.46976744,10174826.4930233,8,1710675.34883721,338498.637209302,344.804651162791,3961,20,23573,32195.3250458093,lg300
3806456,497013.860465116,1565.5488372093,1106708.01860465,1884792,16411906.455814,5472065.04186047,10939841.4139535,8,1717462.3255814,341181.227906977,348.581395348837,3961,20,23580,32557.6347865116,lg300
3806456,493733.695852535,1562.34101382488,1106708.23963134,1884792,16508177.1428571,4891001.06912442,11617176.0737327,8,1711719.8156682,343874.433179724,351.281105990783,3956,20,23697,32930.9639064332,lg300
3806456,492360.427906977,1560.97674418605,1106708,1884792,16521183.7767442,5461815.66511628,11059368.1116279,8,1713890.23255814,346572.4,343.144186046512,3956,20,23583,32013.4131072,lg300
3806456,490084.666666667,1558.80555555556,1106708,1884792,16528586.9259259,5470350.62962963,11058236.2962963,8,1712000,349266.560185185,354.675925925926,3955,20,23641,33162.2540488426,lg300
3806456,506915.240740741,1575.49537037037,1106928.01851852,1884792,16168691.4074074,5396920.18518519,10771771.2222222,8,1714755.55555556,352008.449074074,349.342592592593,3955,20,23681,32718.8525536574,lg300
3806456,517891.631336406,1586.19815668203,1106928.01843318,1884792,16218074.2857143,4957984.22119816,11260090.0645161,8,1711011.98156682,354707.97235023,344.198156682028,3955,20,23769,32356.8278753226,lg300
3806456,521714.351851852,1589.96296296296,1106928,1884792,16281705.5555556,5148652.74074074,11133052.8148148,8,1713955.55555556,357401.138888889,343.361111111111,3957,20,23678,32170.8230668333,lg300
3806456,522450.580645161,1590.58525345622,1106928,1884792,16297604.5345622,5890141.93548387,10407462.5990783,8,1709330.87557604,360100.258064516,343.423963133641,3957,20,23717,32229.7101308157,lg300
3806456,521794.740740741,1589.93981481481,1106928.03703704,1884792,16341904.2222222,5680449.92592593,10661454.2962963,8,1719733.33333333,362799,344.722222222222,3957,20,23620,32219.2349833333,lg300
3806456,520079.759259259,1588.28240740741,1106928,1884792,16379036.9259259,5857999.85185185,10521037.0740741,8,1712533.33333333,365489.759259259,351.342592592593,3951,20,23656,32838.1848233333,lg300
3806456,519059.222222222,1587.30092592593,1106933.2962963,1884792,16399858.1481481,5583450.44444444,10816407.7037037,8,1713600,368181.115740741,340.990740740741,3951,20,23656,31870.6504806667,lg300
3806456,516235.407407407,1584.60185185185,1106936,1884792,16443694.2592593,5638421.88888889,10805272.3703704,8,1714222.22222222,370879.546296296,340.277777777778,3951,20,23642,31785.191375,lg300
3806456,514844.725581395,1583.21395348837,1106936,1884792,16498988.0186047,5634629.28372093,10864358.7348837,8,1714604.65116279,373571.306976744,341.990697674419,3951,20,23642,31945.1944380279,lg300
3806456,512732.87037037,1581.11111111111,1106936,1884792,16561477.6666667,5507391.92592593,11054085.7407407,8,1711377.77777778,376274.023148148,351.277777777778,3951,20,23609,32766.8956865,lg300
3806456,511843.092592593,1580.41203703704,1107160,1884792,16171113.5185185,5697368.62962963,10473744.8888889,8,1713511.11111111,379015.74537037,346.444444444444,3951,20,23651,32373.536102,lg300
3806456,509580.66359447,1578.27649769585,1107160.07373272,1884792,16167198.8940092,5260567.92626728,10906630.9677419,8,1720036.86635945,381707.313364055,354.907834101382,3951,20,23697,33228.9014825115,lg300
3806456,506584.958525346,1575.34101382489,1107169.38248848,1884792,16287300.9032258,5179846.67281106,11107454.2304147,8,1711011.98156682,384393.304147465,345.110599078341,3947,20,23685,32262.559096106,lg300
3806456,502818.759259259,1571.72685185185,1107200.83333333,1884792,16254256.6666667,5686579.18518519,10567677.4814815,8,1715644.44444444,387079.078703704,346.083333333333,3947,20,23555,32175.9160420833,lg300
3806456,500872,1569.86511627907,1107236.44651163,1884792,16333660.6511628,5635469.54418605,10698191.1069767,8,1719694.88372093,389755.172093023,346.753488372093,3947,20,23543,32221.7977860093,lg300
3806456,500090.69124424,1569.09677419355,1107192,1884792,16378470.9308756,5996166.04608295,10382304.8847926,8,1713312.44239631,392450.516129032,346.811059907834,3947,20,23733,32487.2315942765,lg300
3806456,498093.555555556,1567.11574074074,1107192,1884792,16473791.5555556,5396115.62962963,11077675.9259259,8,1717155.55555556,395151.106481481,345.865740740741,3945,20,23618,32225.3521206944,lg300
3806456,496870.722222222,1565.93055555556,1107192,1884792,16455186.6296296,5924915.74074074,10530270.8888889,8,1717422.22222222,397840.796296296,355.37037037037,3945,20,23536,32995.9683111111,lg300
3806456,500924.796296296,1569.80092592593,1107195.09259259,1884792,16540400.8518519,5573499.66666667,10966901.1851852,8,1705600,400526.185185185,344.976851851852,3945,20,23645,32179.2768767361,lg300
3806456,559159.777777778,1627.30092592593,1107746.40740741,1884792,16552232.5925926,5434008.55555556,11118224.037037,8,1716533.33333333,403220.111111111,349.268518518519,3943,20,23556,32440.5168432222,lg300
3806456,554334.407407407,1623.4212962963,1108569.59259259,1884792,16142152.7037037,5324179.55555556,10817973.1481481,8,1713511.11111111,405963.462962963,343.824074074074,3943,20,23674,32094.8021241296,lg300
3806456,555977.481481482,1624.86111111111,1108420.01851852,1884792,16233601.7037037,5663994.88888889,10569606.8148148,8,1709511.11111111,408650.601851852,344.930555555556,3943,20,23661,32180.407593125,lg300
3806456,554671.351851852,1623.56481481481,1108423.09259259,1884792,16266638.8888889,5674275.2962963,10592363.5925926,8,1712355.55555556,411334.597222222,352.949074074074,3939,20,23585,32789.4331095139,lg300
3806456,551188.055555556,1620.11574074074,1108424,1884792,16296541.3333333,5600824.44444444,10695716.8888889,8,1717511.11111111,414025.277777778,355.347222222222,3943,20,23645,33129.8157288194,lg300
3806456,550583.277777778,1619.54166666667,1108424.01851852,1884792,16346343.7037037,5470217.81481481,10876125.8888889,8,1707466.66666667,416714.634259259,342.800925925926,3943,20,23668,31991.1847573148,lg300
3806456,559083.166666667,1627.90740740741,1108431.57407407,1884792,16389365.8518519,5454998.18518519,10934367.6666667,8,1715288.88888889,419407.62962963,348.87962962963,3943,20,23665,32554.3402639352,lg300
3806456,570143.35483871,1638.64055299539,1108440,1884792,16391473.7327189,5322609.21658986,11068864.516129,8,1713489.40092166,422110.529953917,351.147465437788,3938,20,23732,32817.0538367926,lg300
3806456,570476.981481481,1639.02314814815,1108440,1884792,16484613.4814815,5214020.74074074,11270592.7407407,8,1708444.44444444,424810.462962963,345.027777777778,3938,20,23696,32196.2146391111,lg300
3806456,572218.037037037,1640.77777777778,1108463.61111111,1884792,16541048.4444444,5457923.74074074,11083124.7037037,8,1713066.66666667,427512.180555556,342.527777777778,3938,20,23697,31964.2763935,lg300
3806456,578338.912442396,1646.80184331797,1108552.01843318,1884792,16559784.7741935,5381280.84792627,11178503.9262673,8,1712604.60829493,430219.580645161,352.179723502304,3938,20,23759,32950.9710436221,lg300
3806456,575984.258064516,1644.72811059908,1108834.23041475,1884792,16133701.124424,6287140.31336405,9846560.81105991,8,1710127.18894009,432972.769585254,347.857142857143,3937,20,23618,32345.17153,lg300
3806456,572670.599078341,1641.55760368664,1108839.48387097,1884792,16189461.6774194,5818584.62672811,10370877.0506912,8,1713135.48387097,435655.31797235,345.774193548387,3937,20,23773,32362.493949,lg300
3806456,570036.479262673,1638.89400921659,1108824.16589862,1884792,16312249.8064516,4735957.52995392,11576292.2764977,8,1707472.81105991,438358.903225806,344.345622119816,3937,20,23777,32234.2105595714,lg300
3806456,570631.944444445,1639.5,1108824,1884792,16285504.2222222,6133778.51851852,10151725.7037037,8,1710666.66666667,441052.180555556,345.356481481481,3936,20,23583,32056.9169293333,lg300
3806456,568424.407407407,1637.33333333333,1108824,1884792,16317259.4444444,5699773.18518519,10617486.2592593,8,1721866.66666667,443740.49537037,350.074074074074,3936,20,23707,32665.6751075556,lg300
3806456,565393.751152074,1634.47926267281,1108859.53917051,1884792,16365775.2626728,5489736.40552995,10876038.8571429,8,1701810.13824885,446444.479262673,355.718894009217,3936,20,23706,33190.9973910415,lg300
3806456,563220.12962963,1632.30555555556,1108860,1884792,16465115.3703704,5318181.62962963,11146933.7407407,8,1715644.44444444,449143.861111111,346.819444444444,3936,20,23636,32265.0623946667,lg300
3806456,561856.353488372,1630.91627906977,1108860,1884792,16463298.3813953,5490697.07906977,10972601.3023256,8,1721391.62790698,451830.539534884,349.041860465116,3935,20,23603,32418.2418531163,lg300
3806456,559437.431192661,1628.67889908257,1108873.74311927,1884792,16529098.8256881,4943608.51376147,11585490.3119266,8,1724388.99082569,454534.775229358,346.192660550459,3935,20,23774,32386.5622674312,lg300
3806456,558317.222222222,1627.58333333333,1108876,1884792,16557561.5925926,5351003.07407407,11206558.5185185,8,1715200,457235.513888889,345.402777777778,3935,20,23686,32193.0621151389,lg300
3806456,556639.666666667,1626.08796296296,1109096.01851852,1884792,16126639.037037,5616512.37037037,10510126.6666667,8,1713155.55555556,459987.444444444,352.12037037037,3935,20,23641,32756.8196547685,lg300
3806456,555035.574074074,1624.57407407407,1109105.83333333,1884792,16168053.2592593,5562786.03703704,10605267.2222222,8,1718044.44444444,462668.643518519,347.662037037037,3933,20,23618,32294.1854695833,lg300
3806456,551347.31797235,1620.96313364055,1109132,1884792,16300906.9124424,5098656.84792627,11202250.0645161,8,1719417.51152074,465364.566820277,344.944700460829,3933,20,23752,32223.5666241843,lg300
3806456,550396.148148148,1620.0787037037,1109132.01851852,1884792,16344128.3703704,5449492.11111111,10894636.2592593,8,1718133.33333333,468063.212962963,344.990740740741,3933,20,23697,32153.24087925,lg300
3806456,548696.903225806,1618.31797235023,1109132.53456221,1884792,16332425.3271889,5485221.16129032,10847204.1658986,8,1713223.96313364,470766.746543779,347.516129032258,3928,20,23727,32388.3836802581,lg300
3806456,546390.995348837,1616.13488372093,1109132,1884792,16365886.2139535,5437196.31627907,10928689.8976744,8,1711568.37209302,473449.172093023,344.925581395349,3928,20,23549,31905.7790839442,lg300
3806456,544224.703703704,1614.01388888889,1109132.18518519,1884792,16425821.9259259,6017637.62962963,10408184.2962963,8,1713066.66666667,476140.699074074,359.87962962963,3928,20,23597,33356.8887488148,lg300
3806456,539141.537037037,1609.03703703704,1109136.03703704,1884792,16467645.7037037,5253404.44444444,11214241.2592593,8,1717333.33333333,478831.435185185,352.115740740741,3928,20,23583,32617.8979785556,lg300
3806456,538883.460465116,1608.88372093023,1109136,1884792,16500358.8465116,5876542.10232558,10623816.744186,8,1713354.41860465,481520.125581395,344.251162790698,3932,20,23581,31919.1371855256,lg300
3806456,537203.078341014,1607.59907834101,1109558.93087558,1884792,16574547.7235023,5244223.74193548,11330323.9815668,8,1715435.94470046,484209.147465438,348.101382488479,3932,20,23582,32277.5001848479,lg300
3806456,542230.185185185,1618.59722222222,1115829,1884792,16150797.4444444,5281393.48148148,10869403.962963,8,1719733.33333333,486949.060185185,356.37037037037,3932,20,23547,32995.1936328889,lg300
3806456,571737.092592593,1648.71759259259,1117181.64814815,1884792,16171513.9259259,5687604.7037037,10483909.2222222,8,1714311.11111111,489631.856481481,348.893518518519,3932,20,23645,32437.3770487963,lg300
3806456,580090.259259259,1656.96296296296,1117160,1884792,16303672.7037037,5953246,10350426.7037037,8,1710311.11111111,492324.356481482,353.652777777778,3927,20,23644,32836.6561728333,lg300
3806456,578690.00921659,1655.47465437788,1117161.0875576,1884792,16290289.437788,6016950.48847926,10273338.9493088,8,1710746.5437788,495014.760368664,344.281105990783,3927,20,23650,31974.6085112903,lg300
3806456,577630.074074074,1654.51388888889,1117164,1884792,16321824.8148148,5704972.37037037,10616852.4444444,8,1716000,497706.069444444,345.731481481481,3927,20,23634,32087.5870315,lg300
3806456,574819.759259259,1651.75462962963,1117164.01851852,1884792,16353245.6296296,5470150.66666667,10883094.962963,8,1717155.55555556,500397.490740741,346.180555555556,3927,20,23658,32161.89274375,lg300
3806456,580788.313364055,1657.5668202765,1117164,1884792,16412804.202765,5714966.67281106,10697837.5299539,8,1710304.14746544,503090.723502304,343.359447004608,3923.01843317972,20,23634,31835.1265643626,lg300
3806456,587471.148148148,1664.10185185185,1117164,1884792,16486220.8888889,5972550.40740741,10513670.4814815,8,1705777.77777778,505785.666666667,344.398148148148,3923,20,23588,31869.1319831481,lg300
3806456,586799.631336406,1663.47004608295,1117166.85714286,1884792,16535835.0967742,5572786.87557604,10963048.2211982,8,1713489.40092166,508491.175115207,358.05069124424,3923,20,23700,33289.7988235023,lg300
3806456,585305.537037037,1662.06481481481,1117168.03703704,1884792,16536570.2222222,5896633.14814815,10639937.0740741,8,1715200,511192.111111111,350.805555555556,3923,20,23606,32486.8178500556,lg300
3806456,585116.018604651,1661.99069767442,1117395.1255814,1884792,16167983.5162791,5886973.32093023,10281010.1953488,8,1711300.46511628,513923.186046512,344.948837209302,3923,20,23577,31905.2048169488,lg300
3806456,583291.333333333,1660.22222222222,1117404,1884792,16210029,4982593.92592593,11227435.0740741,8,1715377.77777778,516602.837962963,346.685185185185,3923,20,23642,32154.2070941852,lg300
3806456,584614.092592593,1661.58333333333,1117404.07407407,1884792,16266350.8518519,5832419.55555556,10433931.2962963,8,1710933.33333333,519292.273148148,348.939814814815,3923,20,23606,32314.0384323981,lg300
3806456,585516.925925926,1662.41203703704,1117403.98148148,1884792,16303508.3333333,6239231.55555556,10064276.7777778,8,1710311.11111111,521979.087962963,345.782407407407,3921,20,23579,31968.7104696805,lg300
3806456,585432.258064516,1662.41474654378,1117404,1884792,16382636.4976959,4730501.56682028,11652134.9308756,8,1713489.40092166,524675.350230415,355.327188940092,3921,20,23761,33104.7259280461,lg300
3806456,583284.589861751,1660.25806451613,1117404,1884792,16430665.1059908,5033100.42396313,11397564.6820277,8,1707472.81105991,527381.235023042,356.152073732719,3921,20,23751,33167.6131485484,lg300
3806456,579513.3640553,1657.06912442396,1117903.85253456,1884792,16436842.0645161,5157335.88940092,11279506.1751152,8,1713489.40092166,530077.267281106,370.470046082949,3921,20,23574,34243.9000569954,lg300
3806456,571632.147465438,1650.57603686636,1119192.01843318,1884792,16505375.078341,5229930.94930876,11275444.1290323,8,1720125.34562212,532752.658986175,345.944700460829,3916.02304147465,20,23615,31991.8879779747,lg300
3806456,574308.944444445,1652.93518518519,1118919,1884792,16508572.8148148,5395403.07407407,11113169.7407407,8,1717155.55555556,535454.74537037,345.666666666667,3916,20,23679,32052.620556,lg300
3806456,573489.917050691,1652.21198156682,1118899.28110599,1884792,16510420.5345622,5433960.92165899,11076459.6129032,8,1717117.05069124,538152.866359447,349.718894009217,3916,20,23649,32387.2863192442,lg300
3806456,572055.612903226,1650.95852534562,1119132,1884792,16184409.9539171,4985572.82949309,11198837.124424,8,1711011.98156682,540910.921658986,350.778801843318,3916,20,23711,32570.6101237051,lg300
3806456,572322.407407407,1651.22685185185,1119132,1884792,16211609.2962963,6059671.40740741,10151937.8888889,8,1706400,543598.064814815,346.736111111111,3918,20,23611,32075.8287995833,lg300
3806456,569714.366972477,1648.64678899083,1119132,1884792,16247044.1100917,5925352.0733945,10321692.0366972,8,1716462.3853211,546291.944954128,350.619266055046,3918,20,23762,32642.48397,lg300
3806456,578730.175115207,1657.47004608295,1119154.10138249,1884792,16278153.6221198,5625940.49769585,10652213.124424,8,1713135.48387097,548989.534562212,351.691244239631,3918,20,23739,32710.5923153641,lg300
3806456,589937.603686636,1668.53456221198,1119180,1884792,16323794.0645161,5613690.17511521,10710103.8894009,8,1714374.19354839,551688.396313364,347.31797235023,3918,20,23762,32335.1351239078,lg300
3806456,589288.537037037,1667.7962962963,1119180,1884792,16420800.4074074,5187382.96296296,11233417.4444444,8,1714133.33333333,554389.472222222,348.634259259259,3914,20,23644,32263.5263790741,lg300
3806456,588220.792626728,1666.92165898618,1119194.94930876,1884792,16439975.1152074,6136940.53456221,10303034.5806452,8,1706764.97695853,557090.788018433,348.133640552995,3914,20,23645,32218.560409447,lg300
3806456,585256.587155963,1663.87614678899,1119196.01834862,1884792,16457014.3853211,4943777.6146789,11513236.7706422,8,1715757.79816514,559791.252293578,358.183486238532,3914,20,23776,33332.2916063119,lg300
3806456,585645.637209302,1664.27441860465,1119196,1884792,16667758.9209302,5403290.79069767,11264468.1302326,8,1715676.27906977,562491.297674419,350.795348837209,3911,20,23631,32420.8011584233,lg300
3806456,584847.394495413,1663.59174311927,1119196.03669725,1884792,16570999.2293578,5488893.06422018,11082106.1651376,8,1714965.13761468,565192.23853211,360.669724770642,3911,20,23752,33504.0793810642,lg300
3806456,583427.133640553,1662.32718894009,1119420.01843318,1884792,16176698.0276498,5472519.96313364,10704178.0645161,8,1719417.51152074,567946.488479263,349.456221198157,3911,20,23685,32370.8409129954,lg300
3806456,580629.240740741,1659.64814814815,1119420,1884792,16230660.4444444,4932000.74074074,11298659.7037037,8,1712711.11111111,570631.462962963,345.027777777778,3911,20,23707,31990.3120671389,lg300
3806456,579894.102325581,1658.97209302326,1119420,1884792,16308738.9023256,6035819.86976744,10272919.0325581,8,1714247.44186047,573314.209302326,343.674418604651,3911,20,23541,31641.7088390233,lg300
3806456,577588.944444445,1656.60185185185,1119420,1884792,16304636.4444444,5737491.66666667,10567144.7777778,8,1710577.77777778,576000.541666667,343.476851851852,3911,20,23688,31820.9897763333,lg300
3806456,576794.580645161,1655.87096774194,1119420.16589862,1884792,16326833.7695853,4970052.42396313,11356781.3456221,8,1723310.59907834,578703.963133641,347.824884792627,3911,20,23766,32329.9146950599,lg300
3806456,588931.222222222,1667.76851851852,1119456,1884792,16392995.5555556,4979836.62962963,11413158.9259259,8,1710222.22222222,581403.166666667,353.740740740741,3911,20,23683,32764.9577171481,lg300
3806456,589563.722222222,1668.33796296296,1119458.61111111,1884792,16441209.2592593,5577919.22222222,10863290.037037,8,1714311.11111111,584101.888888889,348.513888888889,3895,20,23695,32165.0525461806,lg300
3806456,589496.442396313,1668.33179723502,1119460,1884792,16459923.797235,5490691.87096774,10969231.9262673,8,1716763.13364055,586801.290322581,347.198156682028,3895,20,23746,32112.5901342857,lg300
3806456,587938.074074074,1666.7962962963,1119461.22222222,1884792,16503131.1851852,5960643.51851852,10542487.6666667,8,1718755.55555556,589502.657407407,347.097222222222,3895,20,23697,32037.009398125,lg300
3806456,585197.917050691,1664.10599078341,1119464,1884792,16578071.7788018,5339189.86175115,11238881.9170507,8,1713223.96313364,592210.801843318,345.147465437788,3895,20,23713,31878.5567976728,lg300
3806456,584067.037037037,1663.30092592593,1119688,1884792,16158515.0740741,4991222.03703704,11167293.037037,8,1718488.88888889,594968.944444445,348.25,3904,20,23722,32251.672096,lg300
3806456,581551.925925926,1660.81944444444,1119688,1884792,16201312.9259259,5046890.18518519,11154422.7407407,8,1715911.11111111,597657.74537037,357.217592592593,3904,20,23695,33044.5134237037,lg300
3806456,577789.302325582,1657.47441860465,1120060.46511628,1884792,16223581.2093023,5933216.66976744,10290364.5395349,8,1713979.53488372,600337.502325581,370.111627906977,3904,20,23456,33891.9448957023,lg300
3806456,579255.225806452,1658.89400921659,1120098.52534562,1884792,16277031.7419355,5675594.06451613,10601437.6774194,8,1709596.31336406,603018.714285714,355.801843317972,3904,20,23693,32910.7710398525,lg300
3806456,580494.944444445,1659.93055555556,1119848,1884792,16336857.3703704,5379129.14814815,10957728.2222222,8,1706400,605708.194444444,344.699074074074,3903,20,23666,31839.3012643055,lg300
3806456,579381.814814815,1658.84259259259,1119851.38888889,1884792,16401268.7407407,5059792.2962963,11341476.4444444,8,1719822.22222222,608403.824074074,343.023148148148,3903,20,23605,31602.8306911806,lg300
3806456,578174.12962963,1657.66203703704,1119852,1884792,16453455.5925926,6060771.55555556,10392684.037037,8,1708533.33333333,611091.930555556,349.638888888889,3903,20,23628,32243.727703,lg300
3806456,576722.37037037,1656.27777777778,1119852.01851852,1884792,16434855.1111111,5930809.88888889,10504045.2222222,8,1711466.66666667,613793.763888889,348.5,3903,20,23722,32266.557651,lg300
3806456,575752.611111111,1655.25925925926,1119852,1884792,16522293.8888889,5405202.51851852,11117091.3703704,8,1716977.77777778,616493.773148148,359.282407407407,3902,20,23610,33099.3301069444,lg300
3806456,559828.314814815,1641.89814814815,1122086.85185185,1884792,16593486.5185185,5465846.07407407,11127640.4444444,8,1736088.88888889,619160.87037037,389.458333333333,3902,20,23321,35440.1405030833,lg300
3806456,550259.592592593,1634.51388888889,1124077.77777778,1884792,16145930.1481481,5481010.11111111,10664920.037037,8,1714133.33333333,621888.240740741,353.055555555556,3902,20,23559,32455.4150216667,lg300
3806456,554155.741935484,1638.19815668203,1123972.68202765,1884792,16199542.2304147,5419064.1843318,10780478.0460829,8,1709242.39631336,624574.502304148,345.995391705069,3898,20,23749,32030.0396855392,lg300
3806456,554420.669767442,1638.44651162791,1123993.6744186,1884792,16245816.1860465,5191593.82325581,11054222.3627907,8,1719069.76744186,627264.637209302,352.986046511628,3898,20,23606,32480.4304171907,lg300
3806456,555792.740740741,1639.81018518519,1123972.75925926,1884792,16312961.1851852,5241971.33333333,11070989.8518519,8,1712088.88888889,629951.5,350.259259259259,3898,20,23596,32215.8687428148,lg300
3806456,553752.574074074,1637.85648148148,1123967.7037037,1884792,16307277.5185185,5400413.2962963,10906864.2222222,8,1709155.55555556,632638.342592593,350.240740740741,3898,20,23562,32167.7473553333,lg300
3806456,551549.574074074,1635.66666666667,1123968.01851852,1884792,16363543.2962963,5754621.92592593,10608921.3703704,8,1718400,635314.949074074,349.902777777778,3897,20,23556,32120.2814205,lg300
3806456,549061.407407407,1633.29166666667,1123968,1884792,16400447.1851852,5694330.81481481,10706116.3703704,8,1713866.66666667,637997.074074074,348.314814814815,3897,20,23635,32081.7432658333,lg300
3806456,556507.962962963,1640.55555555556,1123968,1884792,16459606.7777778,5587048.33333333,10872558.4444444,8,1712000,640693.324074074,352.055555555556,3897,20,23576,32345.340748,lg300
3806456,561512.073732719,1645.41013824885,1123972,1884792,16565561.7695853,4942093.78801843,11623467.9815668,8,1715347.46543779,643384.101382489,360.165898617512,3897,20,23716,33286.9832779355,lg300
3806456,561915.333333333,1645.8287037037,1123972.05555556,1884792,16555102.962963,5461238.51851852,11093864.4444444,8,1716711.11111111,646090.023148148,346.902777777778,3897,20,23622,31934.11231275,lg300
3806456,574073.203703704,1657.96296296296,1124196.03703704,1884792,16157522.962963,6038345.33333333,10119177.6296296,8,1707377.77777778,648826.115740741,350.421296296296,3897,20,23558,32170.6114280833,lg300
3806456,571682.203703704,1655.56018518519,1124196,1884792,16205630.5185185,5809674.59259259,10395955.9259259,8,1718311.11111111,651507.444444445,346.356481481481,3897,20,23648,31918.9165746667,lg300
3806456,581219.611111111,1664.89351851852,1124196.03703704,1884792,16261936.2962963,5484752.59259259,10777183.7037037,8,1709244.44444444,654198.171296296,348.25462962963,3897,20,23693,32154.9144744583,lg300
3806456,584839.018518519,1668.39351851852,1124196.31481481,1884792,16345136.0740741,5808910.77777778,10536225.2962963,8,1714844.44444444,656891,348.435185185185,3894,20,23672,32118.3260982222,lg300
3806456,584185.222222222,1667.79166666667,1124200,1884792,16362292.4444444,5545983.55555556,10816308.8888889,8,1711288.88888889,659587.930555556,360.027777777778,3894,20,23615,33107.0059558333,lg300
3806456,581984.166666667,1665.5787037037,1124202.46296296,1884792,16353198.7777778,5421868.92592593,10931329.8518519,8,1711111.11111111,662273.99537037,347.282407407407,3894,20,23638,31966.0856612778,lg300
3806456,580162.981481482,1663.89351851852,1124204,1884792,16425296.4444444,5598002.25925926,10827294.1851852,8,1710311.11111111,664961.324074074,348.300925925926,3890,20,23576,31942.9008292593,lg300
3806456,579721.198156682,1663.39631336406,1124205.34562212,1884792,16469624.1843318,5925713.95391705,10543910.2304147,8,1715082.02764977,667654.709677419,349.84331797235,3890,20,23670,32212.2782986175,lg300
3806456,576243.574074074,1660.01851851852,1124215.2962963,1884792,16524850.7037037,5803738.48148148,10721112.2222222,8,1706577.77777778,670349.050925926,350.606481481481,3890,20,23628,32225.2654838889,lg300
3806456,573902.69124424,1657.74193548387,1124216.01843318,1884792,16555814.6359447,5154371.98156682,11401442.6543779,8,1714639.63133641,673055.262672811,348.110599078341,3890,20,23761,32175.9636248848,lg300
3806456,571816.626728111,1655.94470046083,1124435.33640553,1884792,16174335.8894009,5176324.42396313,10998011.4654378,8,1713666.359447,675804.290322581,363.101382488479,3887.01382488479,20,23618,33333.9750498772,lg300
3806456,568947.814814815,1653.11111111111,1124436,1884792,16192595,6152679.55555556,10039915.4444444,8,1710933.33333333,678488.449074074,348.310185185185,3887,20,23524,31848.7128712037,lg300
3806456,565305.481481482,1649.65277777778,1124436,1884792,16269469.5925926,5283668.88888889,10985800.7037037,8,1715911.11111111,681167.574074074,346.990740740741,3887,20,23569,31788.7596752315,lg300
3806456,562934.240740741,1647.27314814815,1124437.81481481,1884792,16313187.0740741,5070449.33333333,11242737.7407407,8,1708977.77777778,683852.939814815,347.027777777778,3887,20,23656,31909.5067748889,lg300
3806456,559900.68202765,1644.24423963134,1124454.48847926,1884792,16341284.6451613,5486724.46082949,10854560.1843318,8,1712427.64976959,686541.474654378,352.359447004608,3889,20,23597,32335.5800121935,lg300
3806456,557350.425925926,1641.83333333333,1124468.03703704,1884792,16378895.7777778,5729210.85185185,10649684.9259259,8,1715200,689221.384259259,352.560185185185,3889,20,23537,32271.7351070787,lg300
3806456,553912.037037037,1638.48148148148,1124469.62962963,1884792,16431322.5555556,5867283.2962963,10564039.2592593,8,1713511.11111111,691899.578703704,361.101851851852,3889,20,23566,33094.3253502407,lg300
3806456,552251.259259259,1636.87962962963,1124472,1884792,16463091.5555556,5647276.18518519,10815815.3703704,8,1710933.33333333,694587.601851852,351.800925925926,3889,20,23572,32250.1213954259,lg300
3806456,549670.259259259,1634.33333333333,1124472.18518519,1884792,16539470.1111111,5190320.25925926,11349149.8518519,8,1714577.77777778,697273.62037037,352.657407407407,3882,20,23551,32241.6971243889,lg300
3806456,547933.796296296,1632.68981481481,1124472,1884792,16531995.4444444,5406722.25925926,11125273.1851852,8,1715200,699964.462962963,349.402777777778,3882,20,23632,32054.0095773333,lg300
3806456,547654.796296296,1632.55092592593,1124698.83333333,1884792,16161965.2962963,5883861.40740741,10278103.8888889,8,1716444.44444444,702703.907407407,358.342592592593,3882,20,23600,32829.6282888889,lg300
3806456,566410.555555555,1650.88425925926,1124724,1884792,16180855.1111111,5245249.92592593,10935605.1851852,8,1712711.11111111,705391.462962963,347.981481481481,3879,20,23691,31978.5895685,lg300
3806456,567333.400921659,1651.87557603687,1124724,1884792,16247841.9907834,4913916.46082949,11333925.5299539,8,1707118.89400922,708091.797235023,350.31797235023,3879,20,23789,32326.4775534055,lg300
3806456,566207.296296296,1650.74537037037,1124724,1884792,16284742.4074074,5542889.48148148,10741852.9259259,8,1722844.44444444,710786.583333333,351.078703703704,3879,20,23652,32210.1046665,lg300
3806456,564250.506912442,1648.8064516129,1124726.50691244,1884792,16363598.7465438,4790960.51612903,11572638.2304147,8,1717559.44700461,713482.755760369,345.815668202765,3879,20,23768,31882.8462443502,lg300
3806456,562997.444444444,1647.66203703704,1124726.40740741,1884792,16399336.0740741,5518354.51851852,10880981.5555556,8,1714844.44444444,716186.125,349.310185185185,3881,20,23626,32029.1262509537,lg300
3806456,560793.611111111,1645.39814814815,1124724,1884792,16381321.1481481,5622323.59259259,10758997.5555556,8,1715200,718882.828703704,350.972222222222,3881,20,23647,32210.1271790278,lg300
3806456,568317.622119816,1652.89861751152,1124724,1884792,16531907.7603687,5287019.94470046,11244887.8156682,8,1714639.63133641,721580.193548387,354.373271889401,3881,20,23660,32540.1343296774,lg300
3806456,569126.230414747,1653.55299539171,1124724,1884792,16534977.9170507,6022591.85253456,10512386.0645161,8,1709950.23041475,724282.972350231,349.188940092166,3875,20,23707,32078.1110357143,lg300
3806456,565497.211009174,1650.01834862385,1124726.8440367,1884792,16542896.8073395,5172157.79816514,11370739.0091743,8,1716022.01834862,726989.165137615,351.371559633028,3875,20,23807,32414.773040711,lg300
