1,3736464,210624,1171,988836,1849792,52281528,45014992,7266536,8,2803200,68,-240,4034,1610515594760
1,3736464,176752,1138,988836,1849792,52281528,10436560,41844968,8,2803200,79,-240,4034,1610515594868
1,3736464,202312,1162,988836,1849792,17529760,1881304,15648456,8,2803200,92,-240,4034,1610515594974
1,3736464,205412,1165,988836,1849792,17304416,3649536,13654880,8,2803200,107,-240,4034,1610515595082
1,3736464,204668,1164,988836,1849792,16917656,2325032,14592624,8,2803200,120,-240,4034,1610515595189
1,3736464,206776,1166,988836,1849792,17290800,4780032,12510768,8,2803200,135,-240,4034,1610515595297
1,3736464,206404,1166,988840,1849792,17297400,4687176,12610224,8,2803200,149,-240,4034,1610515595405
1,3736464,212500,1172,988840,1849792,17046832,11104256,5942576,8,2803200,163,-240,4034,1610515595510
1,3736464,200640,1161,988840,1849792,17122152,0,17122152,8,2803200,176,-240,4034,1610515595615
1,3736464,202748,1162,988840,1849792,17077888,2542984,14534904,8,2803200,191,-240,4034,1610515595723
1,3736464,206964,1167,988840,1849792,16938232,7041024,9897208,8,2803200,206,-752,4034,1610515595833
1,3736464,211056,1171,988840,1849792,17008952,11217160,5791792,8,2803200,220,-752,4034,1610515595942
1,3736464,201384,1162,988844,1849792,17099136,564072,16535064,8,2803200,235,-752,4034,1610515596048
1,3736464,211428,1171,988844,1849792,16997336,12517376,4479960,8,2803200,251,-752,4034,1610515596164
1,3736464,202376,1163,988844,1849792,16834544,2666496,14168048,8,2803200,264,-752,4034,1610515596270
1,3736464,209928,1170,988848,1849792,17117912,10005816,7112096,8,2803200,277,-752,4034,1610515596376
1,3736464,201824,1162,988848,1849792,17077184,2107192,14969992,8,2803200,291,-752,4034,1610515596481
1,3736464,197544,1158,988848,1849792,19565648,0,19565648,8,2803200,306,-752,4034,1610515596587
1,3736464,211072,1171,988848,1849792,16615232,10219520,6395712,8,2803200,319,-752,4034,1610515596695
1,3736464,203880,1164,988848,1849792,16652312,3092480,13559832,8,2803200,332,-752,4034,1610515596801
1,3736464,212312,1171,988848,1849792,16755760,11154984,5600776,8,2803200,348,-752,4034,1610515596908
1,3736464,202392,1163,988848,1849792,16698552,617864,16080688,8,2803200,363,-752,4034,1610515597031
1,3736464,199168,1159,988848,1849792,18611048,0,18611048,8,2803200,377,-752,4034,1610515597137
1,3736464,196384,1172,988848,1849792,20486888,0,20486888,8,2803200,391,-741,4034,1610515597244
1,3736464,212432,1171,988848,1849792,16814728,11153408,5661320,8,2803200,405,-741,4034,1610515597354
1,3736464,209204,1169,988852,1849792,16787008,9252864,7534144,8,2803200,418,-741,4034,1610515597466
1,3736464,208236,1168,988852,1849792,16612104,8056832,8555272,8,2803200,431,-741,4034,1610515597571
1,3736464,208624,1168,988852,1849792,17058768,7385088,9673680,8,2803200,445,-741,4034,1610515597677
1,3736464,206764,1167,988856,1849792,16768856,6615040,10153816,8,2803200,458,-741,4034,1610515597785
1,3736464,207508,1168,988860,1849792,16757472,7516160,9241312,8,2803200,472,-741,4034,1610515597891
1,3736464,194488,1155,988860,1849792,22088952,0,22088952,8,2803200,484,-741,4034,1610515597996
1,3736464,206188,1166,988860,1849792,19360304,8470312,10889992,8,2803200,499,-741,4034,1610515598102
1,3736464,210352,1170,988860,1849792,16739752,10267848,6471904,8,2803200,512,-741,4034,1610515598207
1,3736464,200688,1161,988860,1849792,16503424,0,16503424,8,2803200,524,-741,4034,1610515598312
1,3736464,203664,1164,988860,1849792,16766424,3207168,13559256,8,2803200,538,-741,4034,1610515598418
1,3736464,207796,1168,988860,1849792,16719376,7598080,9121296,8,2803200,551,-741,4034,1610515598523
1,3736464,212324,1172,988860,1849792,16593768,12136448,4457320,8,2803200,564,-741,4034,1610515598629
1,3736464,201760,1162,988860,1849792,16593768,1348152,15245616,8,2803200,575,-754,4034,1610515598734
1,3736464,207284,1167,988860,1849792,16274872,6708984,9565888,8,2803200,589,-754,4034,1610515598839
1,3736464,204284,1172,988860,1849792,16677568,0,16677568,8,2803200,602,-754,4034,1610515598945
1,3736464,206292,1167,988852,1849792,16482008,6451200,10030808,8,2803200,614,-754,4034,1610515599050
1,3736464,198996,1159,988852,1849792,17164784,0,17164784,8,2803200,626,-754,4034,1610515599155
1,3736464,207048,1167,988852,1849792,16819872,8009144,8810728,8,2803200,639,-754,4034,1610515599260
1,3736464,203004,1163,988852,1849792,16427776,3223552,13204224,8,2803200,651,-754,4034,1610515599365
1,3736464,198588,1159,988860,1849792,17518328,0,17518328,8,2803200,665,-754,4034,1610515599470
1,3736464,209344,1170,988860,1849792,17011896,9994888,7017008,8,2803200,676,-754,4034,1610515599575
1,3736464,207856,1168,988860,1849792,16391160,7794688,8596472,8,2803200,689,-754,4034,1610515599680
1,3736464,204880,1165,988860,1849792,16391160,4909224,11481936,8,2803200,700,-754,4034,1610515599786
1,3736464,204508,1165,988860,1849792,16137208,4042752,12094456,8,2803200,714,-754,4034,1610515599891
1,3736464,203268,1163,988860,1849792,16137208,2847432,13289776,8,2803200,726,-754,4034,1610515599997
1,3736464,204012,1164,988864,1849792,16076936,3502080,12574856,8,2803200,738,-754,4034,1610515600102
1,3736464,204508,1165,988864,1849792,16076936,4194648,11882288,8,2803200,750,-761,4034,1610515600208
1,3736464,207112,1167,988864,1849792,15970952,6598656,9372296,8,2803200,762,-761,4034,1610515600313
1,3736464,209096,1169,988868,1849792,15970952,8787384,7183568,8,2803200,774,-761,4034,1610515600419
1,3736464,211916,1172,988872,1849792,15959656,12300288,3659368,8,2803200,788,-761,4034,1610515600527
1,3736464,202988,1163,988872,1849792,15959656,3149824,12809832,8,2803200,799,-761,4034,1610515600636
1,3736464,208072,1168,988872,1849792,15959656,7956240,8003416,8,2803200,811,-761,4034,1610515600741
1,3736464,201036,1162,988876,1849792,15959656,984848,14974808,8,2803200,821,-761,4034,1610515600846
1,3736464,208228,1169,988876,1849792,15727496,7942144,7785352,8,2803200,834,-761,4034,1610515600951
1,3736464,203268,1164,988872,1849792,15727496,2658304,13069192,8,2803200,844,-761,4034,1610515601056
1,3736464,210708,1171,988872,1849792,15727496,10604608,5122888,8,2803200,857,-761,4034,1610515601161
1,3736464,206988,1167,988872,1849792,15727496,6795328,8932168,8,2803200,867,-761,4034,1610515601266
1,3736464,204260,1165,988872,1849792,15727496,3756096,11971400,8,2803200,878,-761,4034,1610515601371
1,3736464,201748,1162,988876,1849792,15727496,1355840,14371656,8,2803200,890,-761,4034,1610515601477
1,3736464,212360,1173,988876,1849792,15500376,12021760,3478616,8,2803200,902,-761,4034,1610515601583
1,3736464,211204,1171,988912,1849792,15500376,10440704,5059672,8,2803200,913,-803,4034,1610515601688
1,3736464,210212,1171,988912,1849792,15500376,9400320,6100056,8,2803200,923,-803,4034,1610515601793
1,3736464,209468,1170,988912,1849792,15500376,8753152,6747224,8,2803200,935,-803,4034,1610515601899
1,3736464,209220,1170,988912,1849792,15500376,8384512,7115864,8,2803200,945,-803,4034,1610515602003
1,3736464,209064,1169,988916,1849792,15500376,8179712,7320664,8,2803200,956,-803,4034,1610515602108
1,3736464,209032,1169,988916,1849792,15500376,8040448,7459928,8,2803200,967,-803,4034,1610515602214
2,3736464,205264,1166,988984,1849792,15500376,2916240,12584136,8,2803200,976,-253,4034,1610515604697
2,3736464,197312,1157,988984,1849792,20135976,0,20135976,8,2803200,993,-253,4034,1610515604803
2,3736464,209712,1168,988984,1849792,18385144,9165848,9219296,8,2803200,1009,-253,4034,1610515604920
2,3736464,205992,1166,988984,1849792,17973536,6565888,11407648,8,2803200,1024,-253,4034,1610515605038
2,3736464,203540,1163,988984,1849792,17705240,3600384,14104856,8,2803200,1038,-253,4034,1610515605144
2,3736464,201508,1162,988984,1849792,17974192,2082600,15891592,8,2803200,1052,-253,4034,1610515605248
2,3736464,200712,1161,988984,1849792,17745288,1093544,16651744,8,2803200,1065,-253,4034,1610515605354
2,3736464,205716,1166,988984,1849792,17445968,5713920,11732048,8,2803200,1079,-253,4034,1610515605459
2,3736464,203808,1164,989000,1849792,17157032,3589272,13567760,8,2803200,1093,-253,4034,1610515605565
2,3736464,205544,1166,989000,1849792,17478928,5648384,11830544,8,2803200,1107,-253,4034,1610515605671
2,3736464,208024,1168,989000,1849792,17500584,8052824,9447760,8,2803200,1121,-253,4034,1610515605776
2,3736464,212240,1172,989000,1849792,16708688,11612160,5096528,8,2803200,1135,-253,4034,1610515605881
2,3736464,199752,1171,989004,1849792,17946728,0,17946728,8,2803200,1148,-253,4034,1610515605985
2,3736464,201452,1162,989004,1849792,17508672,1586120,15922552,8,2803200,1161,-776,4034,1610515606091
2,3736464,209388,1169,989004,1849792,17204280,8515584,8688696,8,2803200,1176,-776,4034,1610515606195
2,3736464,211040,1171,989004,1849792,17177136,11408616,5768520,8,2803200,1191,-776,4034,1610515606302
2,3736464,197484,1158,989004,1849792,19018448,0,19018448,8,2803200,1205,-776,4034,1610515606414
2,3736464,206412,1166,989004,1849792,17192800,6664192,10528608,8,2803200,1219,-776,4034,1610515606523
2,3736464,206924,1171,989004,1849792,17939688,0,17939688,8,2803200,1233,-776,4034,1610515606629
2,3736464,202376,1162,989004,1849792,17239824,4072936,13166888,8,2803200,1247,-776,4034,1610515606735
2,3736464,210364,1171,989004,1849792,16835496,12527904,4307592,8,2803200,1261,-776,4034,1610515606842
2,3736464,204000,1164,989004,1849792,17366976,6254592,11112384,8,2803200,1274,-776,4034,1610515606947
2,3736464,198060,1159,989004,1849792,16983304,0,16983304,8,2803200,1287,-776,4034,1610515607052
2,3736464,210832,1171,989004,1849792,17380640,12747288,4633352,8,2803200,1302,-776,4034,1610515607159
2,3736464,205376,1165,989004,1849792,17123528,6437464,10686064,8,2803200,1315,-776,4034,1610515607263
2,3736464,200212,1160,989012,1849792,17161392,1324312,15837080,8,2803200,1329,-776,4034,1610515607368
2,3736464,210800,1171,989012,1849792,16871640,12544144,4327496,8,2803200,1343,-788,4034,1610515607475
2,3736464,209112,1169,989012,1849792,17402912,10776576,6626336,8,2803200,1356,-788,4034,1610515607580
2,3736464,206060,1166,989012,1849792,17195864,7286784,9909080,8,2803200,1369,-788,4034,1610515607686
2,3736464,203560,1164,989012,1849792,16840208,4370432,12469776,8,2803200,1382,-788,4034,1610515607791
2,3736464,201452,1162,989016,1849792,16878728,2355200,14523528,8,2803200,1395,-788,4034,1610515607897
2,3736464,199592,1160,989016,1849792,16539680,225280,16314400,8,2803200,1409,-788,4034,1610515608002
2,3736464,198972,1160,989016,1849792,16749656,0,16749656,8,2803200,1423,-788,4034,1610515608108
2,3736464,199560,1160,989016,1849792,16603376,77824,16525552,8,2803200,1435,-788,4034,1610515608213
2,3736464,199808,1160,989016,1849792,16624984,307200,16317784,8,2803200,1448,-788,4034,1610515608317
2,3736464,202584,1163,989016,1849792,16578560,2486272,14092288,8,2803200,1461,-788,4034,1610515608423
2,3736464,204600,1165,989016,1849792,16649752,5271552,11378200,8,2803200,1474,-788,4034,1610515608528
2,3736464,208136,1168,989016,1849792,16491840,8630272,7861568,8,2803200,1487,-788,4034,1610515608632
2,3736464,196804,1157,989016,1849792,19268216,0,19268216,8,2803200,1500,-788,4034,1610515608737
2,3736464,207988,1168,989016,1849792,16870160,8517288,8352872,8,2803200,1514,-788,4034,1610515608843
2,3736464,200592,1161,989016,1849792,16574488,700416,15874072,8,2803200,1526,-811,4034,1610515608948
2,3736464,208968,1169,989016,1849792,16299456,8646656,7652800,8,2803200,1539,-811,4034,1610515609053
2,3736464,202748,1163,989020,1849792,16299456,2540296,13759160,8,2803200,1551,-811,4034,1610515609158
2,3736464,242524,1202,989008,1849792,16147824,438272,15709552,8,2803200,1563,-811,4034,1610515609262
2,3736464,243488,1208,989000,1849792,17889968,0,17889968,8,2803200,1578,-811,4034,1610515609367
2,3736464,255636,1215,989000,1849792,16551752,11455432,5096320,8,2803200,1590,-811,4034,1610515609481
2,3736464,244444,1204,989000,1849792,16556928,0,16556928,8,2803200,1601,-811,4034,1610515609585
2,3736464,250276,1209,989000,1849792,15889104,4861952,11027152,8,2803200,1613,-811,4034,1610515609690
2,3736464,256356,1216,989000,1849792,15889104,11186376,4702728,8,2803200,1624,-811,4034,1610515609794
2,3736464,252140,1212,988996,1849792,15889104,6770888,9118216,8,2803200,1636,-811,4034,1610515609898
2,3736464,250156,1210,988996,1849792,15889104,4616392,11272712,8,2803200,1646,-811,4034,1610515610003
2,3736464,249536,1209,988996,1849792,15889104,3838152,12050952,8,2803200,1657,-811,4034,1610515610107
3,3736464,243756,1203,989200,1849792,17109624,0,17109624,8,2803200,1674,-245,4034,1610515614731
3,3736464,241844,1201,989200,1849792,18250968,0,18250968,8,2803200,1688,-245,4034,1610515614836
3,3736464,239396,1199,989200,1849792,20378104,0,20378104,8,2803200,1702,-245,4034,1610515614941
3,3736464,243156,1203,989200,1849792,17630616,487424,17143192,8,2803200,1716,-245,4034,1610515615046
3,3736464,241460,1201,989204,1849792,18774920,0,18774920,8,2803200,1729,-245,4034,1610515615151
3,3736464,251048,1210,989204,1849792,17423240,8581120,8842120,8,2803200,1744,-245,4034,1610515615255
3,3736464,247244,1206,989204,1849792,17412944,4911832,12501112,8,2803200,1758,-245,4034,1610515615361
3,3736464,249640,1209,989204,1849792,17277240,6270976,11006264,8,2803200,1772,-245,4034,1610515615466
3,3736464,246116,1205,989204,1849792,17086432,3377624,13708808,8,2803200,1785,-245,4034,1610515615571
3,3736464,250760,1210,989204,1849792,17392408,7630848,9761560,8,2803200,1800,-245,4034,1610515615677
3,3736464,249932,1209,989204,1849792,17135376,6579256,10556120,8,2803200,1813,-245,4034,1610515615781
3,3736464,254064,1213,989204,1849792,17766792,12346992,5419800,8,2803200,1828,-245,4034,1610515615887
3,3736464,242104,1202,989204,1849792,17680560,0,17680560,8,2803200,1840,-245,4034,1610515615991
3,3736464,245368,1205,989204,1849792,17455416,3110248,14345168,8,2803200,1854,-245,4034,1610515616097
3,3736464,253592,1213,989204,1849792,17444672,12036592,5408080,8,2803200,1869,-245,4034,1610515616203
3,3736464,243120,1202,989204,1849792,17304680,815104,16489576,8,2803200,1882,-245,4034,1610515616308
3,3736464,249128,1209,989204,1849792,17425328,6605192,10820136,8,2803200,1895,-245,4034,1610515616413
3,3736464,239400,1199,989204,1849792,19809088,0,19809088,8,2803200,1910,-245,4034,1610515616517
3,3736464,249608,1209,989208,1849792,17392112,7385088,10007024,8,2803200,1923,-245,4034,1610515616625
3,3736464,241988,1201,989256,1849792,17909656,0,17909656,8,2803200,1938,-245,4034,1610515616730
3,3736464,250196,1210,989256,1849792,17078384,8084440,8993944,8,2803200,1951,-245,4034,1610515616836
3,3736464,241092,1201,989256,1849792,17702048,0,17702048,8,2803200,1964,-245,4034,1610515616942
3,3736464,253280,1213,989256,1849792,17042048,10956800,6085248,8,2803200,1978,-245,4034,1610515617047
3,3736464,246280,1206,989256,1849792,16768888,3371008,13397880,8,2803200,1991,-245,4034,1610515617151
3,3736464,253512,1213,989256,1849792,16920832,11663928,5256904,8,2803200,2005,-245,4034,1610515617256
3,3736464,249472,1209,989208,1849792,17159000,7124056,10034944,8,2803200,2018,-245,4034,1610515617362
3,3736464,243340,1203,989212,1849792,16688752,1225768,15462984,8,2803200,2031,-245,4034,1610515617466
3,3736464,240152,1200,989212,1849792,18517184,0,18517184,8,2803200,2045,-245,4034,1610515617571
3,3736464,245904,1212,989212,1849792,20029744,0,20029744,8,2803200,2059,-245,4034,1610515617675
3,3736464,251980,1211,989212,1849792,17006184,12550144,4456040,8,2803200,2072,-798,4034,1610515617782
3,3736464,251904,1211,989212,1849792,16876320,10809344,6066976,8,2803200,2085,-798,4034,1610515617886
3,3736464,250740,1210,989212,1849792,16816104,9416704,7399400,8,2803200,2098,-798,4034,1610515617991
3,3736464,250684,1210,989212,1849792,16838208,9416704,7421504,8,2803200,2111,-798,4034,1610515618096
3,3736464,251248,1211,989212,1849792,16778920,10006528,6772392,8,2803200,2125,-798,4034,1610515618202
3,3736464,252432,1212,989216,1849792,16603488,11137024,5466464,8,2803200,2138,-798,4034,1610515618308
3,3736464,252824,1213,989216,1849792,18646216,0,18646216,8,2803200,2151,-798,4034,1610515618412
3,3736464,240988,1201,989216,1849792,17291088,0,17291088,8,2803200,2163,-798,4034,1610515618517
3,3736464,245148,1205,989216,1849792,16504856,3779224,12725632,8,2803200,2175,-798,4034,1610515618622
3,3736464,249432,1209,989216,1849792,16543680,8040040,8503640,8,2803200,2188,-798,4034,1610515618727
3,3736464,241500,1201,989216,1849792,16520296,0,16520296,8,2803200,2201,-798,4034,1610515618832
3,3736464,248744,1208,989216,1849792,16671536,7254016,9417520,8,2803200,2215,-798,4034,1610515618937
3,3736464,241292,1201,989216,1849792,16986296,0,16986296,8,2803200,2227,-798,4034,1610515619041
3,3736464,250560,1210,989216,1849792,16039440,8558120,7481320,8,2803200,2239,-798,4034,1610515619145
3,3736464,247280,1207,989216,1849792,16145032,5287936,10857096,8,2803200,2252,-812,4034,1610515619250
3,3736464,244528,1204,989216,1849792,16145032,2548072,13596960,8,2803200,2263,-812,4034,1610515619354
3,3736464,245120,1205,989216,1849792,16103352,2928640,13174712,8,2803200,2276,-812,4034,1610515619459
3,3736464,246488,1206,989216,1849792,16103352,4506376,11596976,8,2803200,2287,-812,4034,1610515619563
3,3736464,251668,1211,989216,1849792,15771720,9203712,6568008,8,2803200,2299,-812,4034,1610515619667
3,3736464,245344,1205,989216,1849792,15771720,2740224,13031496,8,2803200,2310,-812,4034,1610515619771
3,3736464,253128,1213,989216,1849792,15771720,10957312,4814408,8,2803200,2321,-812,4034,1610515619875
3,3736464,250896,1211,989216,1849792,15771720,8671744,7099976,8,2803200,2332,-812,4034,1610515619979
3,3736464,250400,1210,989204,1849792,15771720,7991808,7779912,8,2803200,2342,-812,4034,1610515620083
4,3736464,245732,1205,989228,1849792,15771720,2834832,12936888,8,2803200,2353,-230,4034,1610515624717
4,3736464,246020,1205,989228,1849792,17612136,4714496,12897640,8,2803200,2367,-230,4034,1610515624822
4,3736464,239736,1199,989228,1849792,18871840,0,18871840,8,2803200,2382,-230,4034,1610515624926
4,3736464,248808,1208,989228,1849792,17437136,8951728,8485408,8,2803200,2394,-762,4034,1610515625034
4,3736464,250888,1210,989228,1849792,17352184,10760192,6591992,8,2803200,2409,-762,4034,1610515625138
4,3736464,250336,1210,989228,1849792,17702832,10143832,7559000,8,2803200,2422,-762,4034,1610515625242
4,3736464,252140,1212,989228,1849792,17403720,11841536,5562184,8,2803200,2436,-762,4034,1610515625347
4,3736464,250012,1209,989228,1849792,17425920,10115752,7310168,8,2803200,2449,-762,4034,1610515625452
4,3736464,252280,1212,989232,1849792,17388216,11825152,5563064,8,2803200,2464,-762,4034,1610515625556
4,3736464,251752,1211,989232,1849792,17426832,11727848,5698984,8,2803200,2477,-762,4034,1610515625660
4,3736464,237776,1197,989232,1849792,19948224,0,19948224,8,2803200,2490,-762,4034,1610515625765
4,3736464,244016,1204,989224,1849792,17410576,3190784,14219792,8,2803200,2504,-762,4034,1610515625871
4,3736464,247032,1206,989224,1849792,17235864,6685784,10550080,8,2803200,2518,-762,4034,1610515625976
4,3736464,252280,1212,989224,1849792,17245968,11988992,5256976,8,2803200,2532,-762,4034,1610515626081
4,3736464,240940,1201,989224,1849792,17136552,45040,17091512,8,2803200,2545,-762,4034,1610515626185
4,3736464,244080,1204,989224,1849792,17456400,3889592,13566808,8,2803200,2558,-762,4034,1610515626290
4,3736464,252128,1212,989228,1849792,17412584,12216064,5196520,8,2803200,2573,-762,4034,1610515626396
4,3736464,243600,1203,989232,1849792,17370880,2715648,14655232,8,2803200,2585,-781,4034,1610515626500
4,3736464,249344,1209,989232,1849792,17392552,9155224,8237328,8,2803200,2599,-781,4034,1610515626605
4,3736464,240856,1201,989232,1849792,17456616,0,17456616,8,2803200,2612,-781,4034,1610515626711
4,3736464,238320,1198,989232,1849792,19348832,0,19348832,8,2803200,2626,-781,4034,1610515626816
4,3736464,251256,1211,989232,1849792,17431632,11087872,6343760,8,2803200,2641,-781,4034,1610515626919
4,3736464,244876,1204,989232,1849792,16830776,4075520,12755256,8,2803200,2653,-781,4034,1610515627024
4,3736464,252892,1212,989232,1849792,17064960,12567448,4497512,8,2803200,2667,-781,4034,1610515627129
4,3736464,246968,1206,989232,1849792,17024696,6683512,10341184,8,2803200,2680,-781,4034,1610515627233
4,3736464,241084,1201,989232,1849792,16881776,390696,16491080,8,2803200,2693,-781,4034,1610515627337
4,3736464,237772,1198,989232,1849792,19464384,0,19464384,8,2803200,2707,-781,4034,1610515627441
4,3736464,252484,1212,989232,1849792,17946408,13532040,4414368,8,2803200,2721,-781,4034,1610515627549
4,3736464,250436,1210,989232,1849792,16866904,9400320,7466584,8,2803200,2733,-781,4034,1610515627653
4,3736464,246660,1206,989232,1849792,16740944,5926912,10814032,8,2803200,2747,-781,4034,1610515627758
4,3736464,245116,1205,989232,1849792,16828088,3649536,13178552,8,2803200,2759,-781,4034,1610515627862
4,3736464,242208,1202,989232,1849792,16784512,1486848,15297664,8,2803200,2772,-798,4034,1610515627966
4,3736464,242276,1202,989232,1849792,16888184,864256,16023928,8,2803200,2785,-798,4034,1610515628070
4,3736464,241352,1201,989232,1849792,16861280,716800,16144480,8,2803200,2797,-798,4034,1610515628175
4,3736464,242660,1202,989232,1849792,16507080,1568768,14938312,8,2803200,2810,-798,4034,1610515628279
4,3736464,244340,1204,989232,1849792,16774256,3551232,13223024,8,2803200,2823,-798,4034,1610515628383
4,3736464,247032,1207,989232,1849792,16763480,6500352,10263128,8,2803200,2836,-798,4034,1610515628488
4,3736464,250156,1210,989232,1849792,16507136,9482240,7024896,8,2803200,2849,-798,4034,1610515628592
4,3736464,239028,1199,989232,1849792,17989224,0,17989224,8,2803200,2862,-798,4034,1610515628696
4,3736464,243192,1203,989232,1849792,17111576,3442344,13669232,8,2803200,2873,-798,4034,1610515628800
4,3736464,250060,1210,989232,1849792,16360536,9371320,6989216,8,2803200,2886,-798,4034,1610515628904
4,3736464,243220,1203,989232,1849792,16497968,2764800,13733168,8,2803200,2899,-798,4034,1610515629009
4,3736464,252256,1212,989232,1849792,16043736,11333632,4710104,8,2803200,2911,-798,4034,1610515629113
4,3736464,247332,1207,989232,1849792,16043736,6362040,9681696,8,2803200,2922,-798,4034,1610515629217
4,3736464,245592,1205,989232,1849792,16120024,4714496,11405528,8,2803200,2935,-798,4034,1610515629322
4,3736464,244800,1205,989232,1849792,16120024,3879672,12240352,8,2803200,2946,-855,4034,1610515629426
4,3736464,247456,1207,989236,1849792,16079448,6402048,9677400,8,2803200,2959,-855,4034,1610515629530
4,3736464,251396,1211,989236,1849792,16079448,10427400,5652048,8,2803200,2970,-855,4034,1610515629634
4,3736464,244948,1205,989236,1849792,16079448,3914760,12164688,8,2803200,2981,-855,4034,1610515629739
4,3736464,241228,1201,989236,1849792,16219728,0,16219728,8,2803200,2993,-855,4034,1610515629843
4,3736464,252452,1212,989236,1849792,15822152,11071488,4750664,8,2803200,3007,-855,4034,1610515629947
4,3736464,251460,1211,989236,1849792,15822152,10063872,5758280,8,2803200,3018,-855,4034,1610515630051
5,3736464,246920,1206,989244,1849792,15822152,4906896,10915256,8,2803200,3030,-237,4034,1610515634730
5,3736464,241504,1201,989244,1849792,17644200,1231160,16413040,8,2803200,3044,-237,4034,1610515634834
5,3736464,239668,1199,989244,1849792,17467776,0,17467776,8,2803200,3058,-237,4034,1610515634938
5,3736464,236860,1196,989244,1849792,20371744,0,20371744,8,2803200,3072,-237,4034,1610515635043
5,3736464,243236,1202,989244,1849792,17583472,2617344,14966128,8,2803200,3087,-237,4034,1610515635150
5,3736464,242160,1202,989244,1849792,18098648,2526488,15572160,8,2803200,3100,-237,4034,1610515635254
5,3736464,241444,1201,989244,1849792,17731440,1966480,15764960,8,2803200,3114,-765,4034,1610515635359
5,3736464,246332,1206,989236,1849792,17532768,5992448,11540320,8,2803200,3128,-765,4034,1610515635463
5,3736464,245752,1205,989236,1849792,17456976,5442264,12014712,8,2803200,3141,-765,4034,1610515635568
5,3736464,250332,1210,989248,1849792,17517320,10022912,7494408,8,2803200,3155,-765,4034,1610515635672
5,3736464,250124,1209,989248,1849792,17506336,10495048,7011288,8,2803200,3169,-765,4034,1610515635777
5,3736464,237048,1197,989248,1849792,19950912,0,19950912,8,2803200,3182,-765,4034,1610515635881
5,3736464,243908,1204,989248,1849792,17441440,4206592,13234848,8,2803200,3196,-765,4034,1610515635985
5,3736464,247932,1207,989252,1849792,17512056,7828920,9683136,8,2803200,3210,-765,4034,1610515636090
5,3736464,237088,1197,989252,1849792,19951352,0,19951352,8,2803200,3224,-765,4034,1610515636195
5,3736464,245064,1204,989252,1849792,17544712,5173248,12371464,8,2803200,3237,-765,4034,1610515636301
5,3736464,249940,1209,989252,1849792,17157184,9488824,7668360,8,2803200,3251,-765,4034,1610515636405
5,3736464,238600,1199,989252,1849792,18541264,0,18541264,8,2803200,3264,-765,4034,1610515636509
5,3736464,251196,1211,989252,1849792,17631536,12136448,5495088,8,2803200,3278,-765,4034,1610515636614
5,3736464,243204,1203,989252,1849792,17161896,2600960,14560936,8,2803200,3291,-765,4034,1610515636719
5,3736464,250312,1210,989252,1849792,17200320,10755272,6445048,8,2803200,3304,-792,4034,1610515636823
5,3736464,243684,1203,989252,1849792,16848360,3609400,13238960,8,2803200,3318,-792,4034,1610515636927
5,3736464,237924,1198,989252,1849792,18947544,0,18947544,8,1766400,3331,-792,4034,1610515637032
5,3736464,250240,1210,989252,1849792,16860392,10039296,6821096,8,2803200,3345,-792,4034,1610515637139
5,3736464,243984,1204,989252,1849792,17471376,4255744,13215632,8,2803200,3358,-792,4034,1610515637244
5,3736464,240084,1200,989252,1849792,17165416,176128,16989288,8,2803200,3372,-792,4034,1610515637348
5,3736464,250788,1210,989252,1849792,17026400,10810008,6216392,8,2803200,3385,-792,4034,1610515637453
5,3736464,246392,1206,989252,1849792,17212520,6401864,10810656,8,2803200,3399,-792,4034,1610515637559
5,3736464,243572,1203,989252,1849792,17413472,3337848,14075624,8,2803200,3411,-792,4034,1610515637664
5,3736464,241464,1201,989252,1849792,16878424,1337016,15541408,8,2803200,3424,-792,4034,1610515637769
5,3736464,239232,1199,989252,1849792,17955592,0,17955592,8,2803200,3437,-792,4034,1610515637873
5,3736464,242704,1202,989252,1849792,19351128,4944456,14406672,8,2803200,3452,-792,4034,1610515637978
5,3736464,244192,1204,989252,1849792,16747664,3956680,12790984,8,2803200,3464,-792,4034,1610515638082
5,3736464,244688,1204,989252,1849792,17179768,4857464,12322304,8,2803200,3477,-803,4034,1610515638186
5,3736464,245928,1205,989252,1849792,16873776,5840712,11033064,8,2803200,3490,-803,4034,1610515638290
5,3736464,247604,1207,989252,1849792,16879624,7578216,9301408,8,2803200,3503,-803,4034,1610515638394
5,3736464,250060,1210,989252,1849792,16868464,10134808,6733656,8,2803200,3516,-803,4034,1610515638499
5,3736464,239584,1199,989252,1849792,17141080,0,17141080,8,2803200,3529,-803,4034,1610515638603
5,3736464,243200,1203,989252,1849792,16652032,2912256,13739776,8,2803200,3541,-803,4034,1610515638709
5,3736464,247876,1208,989252,1849792,16785112,7925760,8859352,8,2803200,3554,-803,4034,1610515638813
5,3736464,239048,1199,989252,1849792,17468800,0,17468800,8,2803200,3566,-803,4034,1610515638917
5,3736464,248116,1208,989252,1849792,17239392,8606632,8632760,8,2803200,3579,-803,4034,1610515639021
5,3736464,243572,1203,989252,1849792,16476720,3076096,13400624,8,2803200,3591,-803,4034,1610515639125
5,3736464,240152,1200,989252,1849792,17574104,0,17574104,8,2803200,3605,-803,4034,1610515639230
5,3736464,250236,1210,989252,1849792,16504312,9993832,6510480,8,2803200,3615,-803,4034,1610515639334
5,3736464,249648,1209,989252,1849792,16326920,9039872,7287048,8,2803200,3628,-803,4034,1610515639438
5,3736464,249772,1209,989252,1849792,16326920,9355112,6971808,8,2803200,3639,-803,4034,1610515639542
5,3736464,253188,1213,989252,1849792,15943064,12496896,3446168,8,2803200,3652,-803,4034,1610515639648
5,3736464,245556,1205,989252,1849792,15943064,4624384,11318680,8,2803200,3663,-830,4034,1610515639752
5,3736464,252252,1212,989252,1849792,15943064,11987816,3955248,8,2803200,3674,-830,4034,1610515639856
5,3736464,248780,1209,989252,1849792,15943064,8358760,7584304,8,2803200,3685,-830,4034,1610515639959
5,3736464,247292,1207,989252,1849792,15943064,6794088,9148976,8,2803200,3696,-830,4034,1610515640063
5,3736464,246764,1207,989252,1849792,15943064,6310760,9632304,8,2803200,3706,-830,4034,1610515640167
6,3736464,242320,1202,989136,1849792,15943064,1170168,14772896,8,2803200,3715,-240,3842,1610515644738
6,3736464,236580,1196,989136,1849792,20335472,0,20335472,8,2803200,3729,-240,3842,1610515644843
6,3736464,240180,1200,989136,1849792,17051160,126976,16924184,8,2553600,3743,-240,3842,1610515644947
6,3736464,237500,1197,989136,1849792,19532936,0,19532936,8,2803200,3757,-240,3842,1610515645052
6,3736464,238228,1198,989136,1849792,19628448,0,19628448,8,2803200,3770,-240,3842,1610515645156
6,3736464,240376,1200,989136,1849792,17816960,855336,16961624,8,2803200,3784,-240,3842,1610515645260
6,3736464,241804,1201,989136,1849792,17403064,1765376,15637688,8,2803200,3797,-240,3842,1610515645364
6,3736464,240936,1201,989136,1849792,17621824,1302648,16319176,8,2803200,3811,-240,3842,1610515645469
6,3736464,243480,1203,989136,1849792,17207560,3403776,13803784,8,2803200,3825,-796,3842,1610515645573
6,3736464,243356,1203,989128,1849792,17360688,2832344,14528344,8,2803200,3838,-796,3842,1610515645678
6,3736464,248192,1208,989128,1849792,17371096,7745536,9625560,8,2803200,3852,-796,3842,1610515645782
6,3736464,250052,1209,989128,1849792,17409360,9671032,7738328,8,2803200,3865,-796,3842,1610515645886
6,3736464,237652,1197,989128,1849792,19530480,0,19530480,8,2803200,3879,-796,3842,1610515645990
6,3736464,248936,1208,989128,1849792,17442432,8450048,8992384,8,2803200,3892,-796,3842,1610515646094
6,3736464,252436,1212,989128,1849792,17202184,12429384,4772800,8,2803200,3906,-796,3842,1610515646199
6,3736464,240008,1199,989128,1849792,17488784,23448,17465336,8,2803200,3919,-796,3842,1610515646303
6,3736464,250440,1210,989136,1849792,17070888,9760768,7310120,8,2803200,3933,-796,3842,1610515646408
6,3736464,240148,1200,989136,1849792,17440384,0,17440384,8,2803200,3946,-796,3842,1610515646512
6,3736464,247464,1207,989136,1849792,17444760,7058776,10385984,8,2803200,3960,-796,3842,1610515646617
6,3736464,237916,1198,989136,1849792,19060920,0,19060920,8,2803200,3974,-796,3842,1610515646721
6,3736464,246336,1206,989136,1849792,17080808,6516736,10564072,8,2803200,3988,-796,3842,1610515646828
6,3736464,239900,1199,989136,1849792,17254784,0,17254784,8,2803200,4001,-796,3842,1610515646932
6,3736464,247960,1207,989136,1849792,17078440,8325464,8752976,8,2803200,4015,-774,3842,1610515647037
6,3736464,241264,1201,989136,1849792,17362720,1787320,15575400,8,2803200,4028,-774,3842,1610515647141
6,3736464,246640,1211,989136,1849792,19596544,0,19596544,8,2400000,4042,-774,3842,1610515647245
6,3736464,246200,1206,989136,1849792,17063360,6434816,10628544,8,2803200,4055,-774,3842,1610515647350
6,3736464,241636,1201,989136,1849792,17084344,978944,16105400,8,2803200,4068,-774,3842,1610515647455
6,3736464,250968,1210,989136,1849792,16761824,10972936,5788888,8,2803200,4082,-774,3842,1610515647559
6,3736464,247744,1207,989136,1849792,17081400,7351416,9729984,8,2803200,4094,-774,3842,1610515647664
6,3736464,245264,1205,989136,1849792,16808192,5220024,11588168,8,2803200,4107,-774,3842,1610515647768
6,3736464,243900,1203,989136,1849792,16829672,3613288,13216384,8,2803200,4120,-774,3842,1610515647872
6,3736464,242180,1202,989136,1849792,16819632,1892648,14926984,8,2803200,4133,-774,3842,1610515647976
6,3736464,240940,1201,989136,1849792,16676648,565016,16111632,8,2803200,4146,-774,3842,1610515648081
6,3736464,240940,1201,989136,1849792,16780688,597608,16183080,8,2803200,4158,-774,3842,1610515648185
6,3736464,243048,1203,989136,1849792,16770040,2744168,14025872,8,2803200,4172,-774,3842,1610515648290
6,3736464,244380,1204,989136,1849792,16791808,4629040,12162768,8,2803200,4184,-774,3842,1610515648394
6,3736464,246964,1206,989136,1849792,16519952,7136808,9383144,8,2803200,4197,-867,3842,1610515648498
6,3736464,250044,1210,989136,1849792,16509432,10103592,6405840,8,2803200,4210,-867,3842,1610515648603
6,3736464,240416,1200,989136,1849792,16368096,225216,16142880,8,2803200,4223,-867,3842,1610515648707
6,3736464,248720,1208,989136,1849792,16523496,8417280,8106216,8,2803200,4237,-867,3842,1610515648812
6,3736464,239296,1199,989136,1849792,17282048,0,17282048,8,2803200,4249,-867,3842,1610515648916
6,3736464,249092,1208,989136,1849792,17254008,9819656,7434352,8,2803200,4262,-867,3842,1610515649021
6,3736464,244876,1205,989136,1849792,16208736,4435968,11772768,8,2803200,4274,-867,3842,1610515649125
6,3736464,240040,1200,989136,1849792,16582808,0,16582808,8,2803200,4286,-867,3842,1610515649228
6,3736464,252316,1212,989136,1849792,16184320,12153576,4030744,8,2803200,4299,-867,3842,1610515649332
6,3736464,251944,1211,989136,1849792,16108504,11530240,4578264,8,2803200,4310,-867,3842,1610515649436
6,3736464,252564,1212,989136,1849792,16108504,12436696,3671808,8,2803200,4322,-867,3842,1610515649540
6,3736464,243296,1203,989136,1849792,16108504,2647256,13461248,8,2803200,4332,-867,3842,1610515649644
6,3736464,249776,1209,989136,1849792,15729552,8843264,6886288,8,2803200,4345,-867,3842,1610515649748
6,3736464,245312,1205,989136,1849792,15729552,4050944,11678608,8,2803200,4356,-867,3842,1610515649853
6,3736464,242832,1203,989136,1849792,15729552,1437696,14291856,8,2803200,4366,-828,3842,1610515649957
6,3736464,253216,1213,989136,1849792,15729552,12579672,3149880,8,2803200,4378,-828,3842,1610515650061
6,3736464,252968,1212,989136,1849792,15729552,12161880,3567672,8,2803200,4388,-828,3842,1610515650164
7,3736464,270932,1230,989140,1849792,15729552,6939368,8790184,8,2803200,4394,-242,3849,1610515654748
7,3736464,266188,1225,989140,1849792,17770200,4122416,13647784,8,2803200,4407,-242,3849,1610515654853
7,3736464,259400,1219,989140,1849792,20417792,0,20417792,8,2803200,4420,-242,3849,1610515654957
7,3736464,261572,1221,989140,1849792,18030440,0,18030440,8,2803200,4434,-242,3849,1610515655060
7,3736464,259624,1219,989140,1849792,19893656,0,19893656,8,2803200,4447,-242,3849,1610515655164
7,3736464,262436,1222,989140,1849792,17244328,45056,17199272,8,2803200,4461,-242,3849,1610515655268
7,3736464,259704,1219,989140,1849792,20270760,0,20270760,8,2803200,4475,-242,3849,1610515655373
7,3736464,264220,1223,989140,1849792,17065672,1060864,16004808,8,2803200,4489,-242,3849,1610515655478
7,3736464,262368,1221,989140,1849792,17724056,0,17724056,8,2803200,4502,-242,3849,1610515655583
7,3736464,268380,1227,989140,1849792,17934888,6238208,11696680,8,2803200,4517,-242,3849,1610515655688
7,3736464,269504,1228,989140,1849792,17336704,7090176,10246528,8,2803200,4530,-242,3849,1610515655794
7,3736464,270464,1229,989140,1849792,17080648,7426088,9654560,8,2803200,4543,-242,3849,1610515655899
7,3736464,274260,1233,989140,1849792,17088928,12134640,4954288,8,2803200,4558,-242,3849,1610515656005
7,3736464,262500,1222,989140,1849792,17460520,0,17460520,8,2803200,4570,-242,3849,1610515656109
7,3736464,268288,1227,989140,1849792,17347552,5925032,11422520,8,2803200,4583,-242,3849,1610515656213
7,3736464,272888,1232,989140,1849792,20559648,0,20559648,8,2803200,4598,-242,3849,1610515656317
7,3736464,264676,1223,989144,1849792,17445552,3338240,14107312,8,2803200,4611,-242,3849,1610515656424
7,3736464,271344,1230,989144,1849792,17417800,9813784,7604016,8,2803200,4624,-242,3849,1610515656528
7,3736464,260620,1220,989144,1849792,17986040,0,17986040,8,2803200,4637,-242,3849,1610515656633
7,3736464,271320,1230,989144,1849792,17286152,10153984,7132168,8,2803200,4651,-242,3849,1610515656737
7,3736464,262576,1222,989144,1849792,17390256,1241088,16149168,8,2803200,4664,-242,3849,1610515656842
7,3736464,271836,1231,989144,1849792,17379848,10752392,6627456,8,2803200,4678,-242,3849,1610515656946
7,3736464,265444,1224,989144,1849792,17355376,3459256,13896120,8,2803200,4691,-242,3849,1610515657050
7,3736464,259300,1219,989144,1849792,19047392,0,19047392,8,2803200,4704,-242,3849,1610515657154
7,3736464,257248,1216,989144,1849792,21086064,0,21086064,8,2803200,4718,-789,3849,1610515657258
7,3736464,272832,1232,989144,1849792,16996584,10842112,6154472,8,2803200,4731,-789,3849,1610515657362
7,3736464,267108,1226,989144,1849792,16821616,5337088,11484528,8,2803200,4743,-789,3849,1610515657466
7,3736464,261848,1221,989144,1849792,16859288,241664,16617624,8,2803200,4757,-789,3849,1610515657571
7,3736464,273616,1233,989144,1849792,16785728,12675512,4110216,8,2803200,4770,-789,3849,1610515657675
7,3736464,270944,1230,989144,1849792,16808248,9757768,7050480,8,2803200,4783,-789,3849,1610515657781
7,3736464,268396,1227,989144,1849792,16812640,7184824,9627816,8,2803200,4795,-789,3849,1610515657886
7,3736464,266716,1226,989144,1849792,16834408,5334312,11500096,8,2803200,4809,-789,3849,1610515657991
7,3736464,266400,1225,989144,1849792,16824112,5104088,11720024,8,2803200,4821,-789,3849,1610515658095
7,3736464,266084,1225,989144,1849792,16829048,4808104,12020944,8,2803200,4834,-789,3849,1610515658199
7,3736464,266636,1226,989144,1849792,16670864,4448424,12222440,8,2803200,4847,-789,3849,1610515658304
7,3736464,267032,1226,989144,1849792,16659800,5677784,10982016,8,2803200,4860,-789,3849,1610515658408
7,3736464,269816,1229,989144,1849792,16502768,8136520,8366248,8,2803200,4873,-789,3849,1610515658512
7,3736464,272756,1232,989144,1849792,16508168,11316168,5192000,8,2803200,4885,-789,3849,1610515658616
7,3736464,262616,1222,989144,1849792,16366416,503808,15862608,8,2803200,4898,-825,3849,1610515658721
7,3736464,267632,1227,989144,1849792,16501176,5926912,10574264,8,2803200,4910,-825,3849,1610515658825
7,3736464,273888,1233,989144,1849792,16541440,12283904,4257536,8,2803200,4924,-825,3849,1610515658930
7,3736464,265732,1225,989144,1849792,16541440,4209016,12332424,8,2803200,4935,-825,3849,1610515659034
7,3736464,266752,1232,989144,1849792,16439808,0,16439808,8,2803200,4948,-825,3849,1610515659138
7,3736464,271768,1231,989144,1849792,16164520,10006528,6157992,8,2803200,4960,-825,3849,1610515659242
7,3736464,269068,1228,989144,1849792,16164520,7399096,8765424,8,2803200,4970,-825,3849,1610515659346
7,3736464,269852,1229,989144,1849792,16091912,7843840,8248072,8,2803200,4983,-825,3849,1610515659450
7,3736464,271308,1230,989144,1849792,16091912,9571400,6520512,8,2803200,4994,-825,3849,1610515659554
7,3736464,262940,1222,989144,1849792,16091912,928840,15163072,8,2803200,5005,-825,3849,1610515659658
7,3736464,270004,1229,989144,1849792,15744416,7860224,7884192,8,2803200,5017,-825,3849,1610515659762
7,3736464,266284,1226,989144,1849792,15744416,3919872,11824544,8,2803200,5028,-825,3849,1610515659867
7,3736464,264548,1224,989144,1849792,15744416,1978368,13766048,8,2803200,5039,-825,3849,1610515659971
7,3736464,263772,1223,989144,1849792,15744416,1265664,14478752,8,2803200,5049,-825,3849,1610515660075
8,3736464,270596,1229,989148,1849792,15744416,8490400,7254016,8,2803200,5066,-224,3849,1610515664777
8,3736464,271700,1230,989148,1849792,18166048,11907072,6258976,8,2803200,5079,-224,3849,1610515664882
8,3736464,266436,1225,989148,1849792,17665808,6070216,11595592,8,2803200,5092,-224,3849,1610515664986
8,3736464,268428,1227,989148,1849792,17630808,8007680,9623128,8,2803200,5107,-224,3849,1610515665091
8,3736464,266896,1226,989148,1849792,17670704,5908104,11762600,8,2803200,5120,-224,3849,1610515665196
8,3736464,269968,1229,989148,1849792,18191816,10301440,7890376,8,2803200,5135,-224,3849,1610515665300
8,3736464,269500,1228,989148,1849792,17919632,9597368,8322264,8,2803200,5148,-224,3849,1610515665404
8,3736464,269628,1229,989148,1849792,17341448,8466432,8875016,8,2803200,5161,-224,3849,1610515665508
8,3736464,271076,1230,989148,1849792,17707840,10914008,6793832,8,2803200,5175,-224,3849,1610515665612
8,3736464,257088,1216,989148,1849792,20864240,0,20864240,8,2803200,5188,-224,3849,1610515665716
8,3736464,263496,1223,989148,1849792,17888512,2584576,15303936,8,2803200,5202,-224,3849,1610515665821
8,3736464,265564,1224,989148,1849792,17369976,4740104,12629872,8,2803200,5215,-224,3849,1610515665925
8,3736464,272468,1231,989148,1849792,17739392,12462048,5277344,8,2803200,5230,-796,3849,1610515666031
8,3736464,263100,1222,989148,1849792,17943496,2355200,15588296,8,2803200,5242,-796,3849,1610515666136
8,3736464,267524,1226,989148,1849792,17296048,6762496,10533552,8,2803200,5256,-796,3849,1610515666241
8,3736464,272196,1231,989148,1849792,17301352,11212952,6088400,8,2803200,5269,-796,3849,1610515666345
8,3736464,261308,1220,989148,1849792,17441360,1084312,16357048,8,2803200,5282,-796,3849,1610515666449
8,3736464,269980,1229,989148,1849792,17104328,9039872,8064456,8,2803200,5296,-796,3849,1610515666553
8,3736464,260984,1220,989148,1849792,17244576,0,17244576,8,2803200,5309,-796,3849,1610515666657
8,3736464,266896,1226,989148,1849792,17216648,5711864,11504784,8,2803200,5322,-796,3849,1610515666762
8,3736464,259512,1219,989148,1849792,18573528,0,18573528,8,2803200,5336,-796,3849,1610515666866
8,3736464,269808,1228,989148,1849792,17016584,8859648,8156936,8,2803200,5350,-796,3849,1610515666970
8,3736464,261548,1221,989148,1849792,17365824,978944,16386880,8,2803200,5363,-796,3849,1610515667076
8,3736464,272720,1232,989148,1849792,17354504,11797512,5556992,8,2803200,5377,-796,3849,1610515667181
8,3736464,267728,1227,989148,1849792,17379520,6749192,10630328,8,2803200,5389,-796,3849,1610515667285
8,3736464,261212,1219,989148,1849792,17879120,0,17879120,8,2803200,5404,-796,3849,1610515667390
8,3736464,258576,1218,989148,1849792,19619296,0,19619296,8,2803200,5418,-823,3849,1610515667498
8,3736464,259036,1218,989148,1849792,18940680,0,18940680,8,2803200,5431,-823,3849,1610515667603
8,3736464,273256,1232,989148,1849792,17815256,13384216,4431040,8,2803200,5445,-823,3849,1610515667708
8,3736464,272040,1231,989148,1849792,16785800,10661888,6123912,8,2803200,5458,-823,3849,1610515667813
8,3736464,269616,1228,989148,1849792,16791248,7958528,8832720,8,2803200,5471,-823,3849,1610515667918
8,3736464,267440,1226,989148,1849792,16796568,5828608,10967960,8,2803200,5484,-823,3849,1610515668023
8,3736464,266504,1225,989148,1849792,16770816,4796416,11974400,8,2803200,5496,-823,3849,1610515668127
8,3736464,265940,1225,989148,1849792,17005176,4550656,12454520,8,2803200,5509,-823,3849,1610515668231
8,3736464,267980,1227,989148,1849792,16518928,5681152,10837776,8,2803200,5522,-823,3849,1610515668335
8,3736464,268900,1228,989148,1849792,16704296,7303168,9401128,8,2803200,5535,-823,3849,1610515668439
8,3736464,272588,1231,989148,1849792,16497008,10137600,6359408,8,2803200,5548,-823,3849,1610515668543
8,3736464,273792,1233,989148,1849792,16497008,12441080,4055928,8,2803200,5561,-823,3849,1610515668649
8,3736464,261792,1221,989148,1849792,16737144,356920,16380224,8,2803200,5572,-823,3849,1610515668753
8,3736464,268668,1228,989148,1849792,16481176,6452680,10028496,8,2803200,5585,-823,3849,1610515668857
8,3736464,268392,1232,989148,1849792,16671648,0,16671648,8,2803200,5598,-847,3849,1610515668961
8,3736464,268224,1227,989148,1849792,16330616,6631424,9699192,8,2803200,5610,-847,3849,1610515669065
8,3736464,261700,1221,989148,1849792,16330616,440,16330176,8,2803200,5622,-847,3849,1610515669169
8,3736464,272928,1232,989148,1849792,16191224,11134008,5057216,8,2803200,5634,-847,3849,1610515669273
8,3736464,270692,1230,989148,1849792,16147872,9039872,7108000,8,2803200,5647,-847,3849,1610515669378
8,3736464,269604,1229,989148,1849792,16147872,8107800,8040072,8,2803200,5658,-847,3849,1610515669482
8,3736464,272360,1231,989148,1849792,15927248,10399744,5527504,8,2803200,5670,-847,3849,1610515669586
8,3736464,263432,1223,989148,1849792,15927248,1232896,14694352,8,2803200,5681,-847,3849,1610515669691
8,3736464,269164,1228,989148,1849792,15927248,7230896,8696352,8,2803200,5692,-847,3849,1610515669795
8,3736464,265940,1225,989148,1849792,15927248,3388848,12538400,8,2803200,5702,-847,3849,1610515669899
8,3736464,263336,1223,989148,1849792,15927248,857520,15069728,8,2803200,5712,-847,3849,1610515670003
8,3736464,274276,1233,989148,1849792,15424872,12070912,3353960,8,2803200,5724,-847,3849,1610515670106
8,3736464,274028,1233,989148,1849792,15424872,11702272,3722600,8,2803200,5735,-847,3849,1610515670210
9,3736464,269736,1229,989152,1849792,15424872,6758288,8666584,8,2476800,5739,-225,3849,1610515674777
9,3736464,264072,1223,989152,1849792,17934088,4245304,13688784,8,2803200,5753,-297,3849,1610515674882
9,3736464,261852,1221,989152,1849792,18093304,2254072,15839232,8,2803200,5766,-297,3849,1610515674986
9,3736464,263148,1222,989152,1849792,17927184,2486272,15440912,8,2803200,5780,-297,3849,1610515675090
9,3736464,262836,1222,989152,1849792,17918344,2812664,15105680,8,2803200,5793,-297,3849,1610515675195
9,3736464,266248,1225,989144,1849792,17685808,5910528,11775280,8,2803200,5807,-297,3849,1610515675299
9,3736464,264204,1223,989144,1849792,17708408,4109896,13598512,8,2803200,5821,-297,3849,1610515675403
9,3736464,267020,1226,989144,1849792,17965824,7303168,10662656,8,2803200,5835,-297,3849,1610515675508
9,3736464,268680,1227,989152,1849792,17578872,7981800,9597072,8,2803200,5848,-297,3849,1610515675612
9,3736464,272088,1231,989152,1849792,17735568,13051984,4683584,8,2803200,5863,-297,3849,1610515675718
9,3736464,272556,1231,989152,1849792,17939592,13231160,4708432,8,2803200,5877,-297,3849,1610515675828
9,3736464,259376,1219,989152,1849792,18450808,0,18450808,8,2803200,5890,-297,3849,1610515675933
9,3736464,268844,1228,989156,1849792,17268488,6942720,10325768,8,2803200,5904,-297,3849,1610515676038
9,3736464,270236,1229,989156,1849792,17666816,9385368,8281448,8,2803200,5917,-297,3849,1610515676143
9,3736464,258764,1218,989156,1849792,19713232,0,19713232,8,2803200,5931,-791,3849,1610515676248
9,3736464,265488,1224,989156,1849792,17682752,4485120,13197632,8,2803200,5944,-791,3849,1610515676353
9,3736464,271040,1230,989108,1849792,17442744,10045832,7396912,8,2803200,5958,-791,3849,1610515676457
9,3736464,261632,1221,989108,1849792,17385824,361064,17024760,8,2803200,5971,-791,3849,1610515676561
9,3736464,272864,1231,989108,1849792,17802504,12038144,5764360,8,2803200,5985,-791,3849,1610515676667
9,3736464,263616,1223,989108,1849792,17070800,2125824,14944976,8,2803200,5998,-791,3849,1610515676771
9,3736464,272664,1231,989108,1849792,17797048,11885720,5911328,8,2803200,6012,-791,3849,1610515676875
9,3736464,265532,1224,989108,1849792,17396320,4281080,13115240,8,2803200,6025,-791,3849,1610515676980
9,3736464,259392,1219,989108,1849792,19126288,0,19126288,8,2803200,6038,-791,3849,1610515677085
9,3736464,272812,1232,989108,1849792,17326944,11497472,5829472,8,2803200,6052,-791,3849,1610515677190
9,3736464,266672,1226,989108,1849792,17397576,5287936,12109640,8,2803200,6065,-791,3849,1610515677294
9,3736464,261724,1221,989108,1849792,17419088,438272,16980816,8,2803200,6079,-791,3849,1610515677399
9,3736464,272112,1231,989108,1849792,17261160,10957688,6303472,8,2803200,6092,-791,3849,1610515677504
9,3736464,267356,1226,989108,1849792,17203744,5877528,11326216,8,2803200,6105,-791,3849,1610515677608
9,3736464,264832,1224,989108,1849792,17339800,3583224,13756576,8,2803200,6118,-792,3849,1610515677712
9,3736464,262928,1222,989108,1849792,17115936,1255256,15860680,8,2803200,6130,-792,3849,1610515677816
9,3736464,262480,1222,989108,1849792,17121416,385624,16735792,8,2803200,6144,-792,3849,1610515677921
9,3736464,261196,1220,989108,1849792,17495528,0,17495528,8,2803200,6157,-792,3849,1610515678026
9,3736464,261772,1221,989108,1849792,17115944,188168,16927776,8,2803200,6170,-792,3849,1610515678130
9,3736464,265944,1225,989108,1849792,17090160,4496984,12593176,8,2803200,6184,-792,3849,1610515678235
9,3736464,267636,1227,989108,1849792,17047128,6168456,10878672,8,2803200,6197,-792,3849,1610515678340
9,3736464,269176,1228,989108,1849792,17149824,8004248,9145576,8,2803200,6209,-792,3849,1610515678443
9,3736464,272880,1232,989108,1849792,17155912,11265672,5890240,8,2803200,6222,-792,3849,1610515678547
9,3736464,261884,1221,989108,1849792,16817616,175648,16641968,8,2803200,6236,-792,3849,1610515678652
9,3736464,265560,1225,989108,1849792,16726584,3600384,13126200,8,2803200,6248,-792,3849,1610515678759
9,3736464,271304,1230,989108,1849792,16976000,9859072,7116928,8,2803200,6262,-792,3849,1610515678864
9,3736464,262308,1222,989108,1849792,16976000,945496,16030504,8,2803200,6273,-792,3849,1610515678969
9,3736464,270328,1229,989108,1849792,16691216,8930936,7760280,8,2803200,6286,-792,3849,1610515679073
9,3736464,266200,1225,989108,1849792,16485240,4173824,12311416,8,2803200,6299,-801,3849,1610515679178
9,3736464,261424,1221,989108,1849792,16924448,0,16924448,8,2803200,6310,-801,3849,1610515679281
9,3736464,274188,1233,989108,1849792,16230968,12137944,4093024,8,2803200,6323,-801,3849,1610515679385
9,3736464,274100,1233,989108,1849792,16173344,11939840,4233504,8,2803200,6335,-801,3849,1610515679488
9,3736464,262568,1222,989108,1849792,16173344,249856,15923488,8,2803200,6346,-801,3849,1610515679593
9,3736464,265984,1225,989108,1849792,16173344,3861848,12311496,8,2803200,6357,-801,3849,1610515679697
9,3736464,272592,1232,989108,1849792,15778296,10203136,5575160,8,2803200,6370,-801,3849,1610515679801
9,3736464,268004,1227,989108,1849792,15778296,5459968,10318328,8,2803200,6380,-801,3849,1610515679905
9,3736464,265524,1225,989120,1849792,15778296,2977792,12800504,8,2803200,6391,-801,3849,1610515680010
9,3736464,264252,1223,989112,1849792,15778296,1970176,13808120,8,2803200,6401,-801,3849,1610515680114
9,3736464,263972,1223,989112,1849792,15778296,1650688,14127608,8,2803200,6412,-801,3849,1610515680218
10,3736464,270804,1230,989116,1849792,15778296,9095600,6682696,8,2803200,6420,-228,3849,1610515684798
10,3736464,268964,1228,989116,1849792,17625296,8663040,8962256,8,2803200,6433,-228,3849,1610515684902
10,3736464,262424,1221,989116,1849792,17390528,1716224,15674304,8,2803200,6447,-228,3849,1610515685009
10,3736464,258288,1217,989116,1849792,19623664,0,19623664,8,2803200,6461,-752,3849,1610515685115
10,3736464,263056,1222,989116,1849792,20317960,5581184,14736776,8,2803200,6475,-752,3849,1610515685219
10,3736464,266408,1225,989116,1849792,17632608,6424856,11207752,8,2803200,6488,-752,3849,1610515685324
10,3736464,264896,1224,989108,1849792,17691120,4880896,12810224,8,2803200,6502,-752,3849,1610515685430
10,3736464,268248,1227,989116,1849792,17358472,8073216,9285256,8,2803200,6516,-752,3849,1610515685534
10,3736464,269120,1228,989120,1849792,17331472,8308744,9022728,8,2803200,6529,-752,3849,1610515685638
10,3736464,271460,1230,989120,1849792,17080344,10907648,6172696,8,2803200,6543,-752,3849,1610515685743
10,3736464,272436,1231,989120,1849792,17642320,12542664,5099656,8,2803200,6556,-752,3849,1610515685847
10,3736464,258464,1218,989120,1849792,19284384,0,19284384,8,2803200,6570,-752,3849,1610515685951
10,3736464,265640,1224,989120,1849792,17298592,5025792,12272800,8,2803200,6583,-752,3849,1610515686055
10,3736464,269096,1228,989120,1849792,17057832,8041880,9015952,8,2803200,6597,-752,3849,1610515686159
10,3736464,257884,1217,989120,1849792,19497048,0,19497048,8,2803200,6610,-752,3849,1610515686263
10,3736464,267540,1226,989120,1849792,17368728,6664192,10704536,8,2803200,6624,-752,3849,1610515686367
10,3736464,271740,1231,989120,1849792,17063120,10783096,6280024,8,2803200,6637,-752,3849,1610515686471
10,3736464,261024,1220,989120,1849792,17333640,131608,17202032,8,2803200,6650,-816,3849,1610515686576
10,3736464,272248,1231,989120,1849792,17258848,12283904,4974944,8,2803200,6664,-816,3849,1610515686681
10,3736464,262412,1221,989120,1849792,17034920,1257472,15777448,8,2803200,6677,-816,3849,1610515686785
10,3736464,267852,1227,989120,1849792,17138432,7626136,9512296,8,2803200,6691,-816,3849,1610515686890
10,3736464,260080,1219,989120,1849792,17535280,0,17535280,8,2803200,6703,-816,3849,1610515686994
10,3736464,272544,1232,989120,1849792,17334624,11956224,5378400,8,2803200,6718,-816,3849,1610515687098
10,3736464,266460,1225,989120,1849792,16782568,4960256,11822312,8,2803200,6730,-816,3849,1610515687203
10,3736464,260704,1220,989120,1849792,17131504,61440,17070064,8,2803200,6743,-816,3849,1610515687307
10,3736464,272068,1231,989124,1849792,17058120,11089176,5968944,8,2803200,6757,-816,3849,1610515687411
10,3736464,266932,1226,989124,1849792,16784672,5550664,11234008,8,2803200,6770,-816,3849,1610515687516
10,3736464,262416,1221,989124,1849792,16790504,880488,15910016,8,2803200,6783,-816,3849,1610515687620
10,3736464,259392,1219,989124,1849792,18159544,0,18159544,8,2803200,6796,-816,3849,1610515687724
10,3736464,258004,1217,989124,1849792,19494600,0,19494600,8,2803200,6810,-816,3849,1610515687828
10,3736464,272756,1232,989124,1849792,17204040,12827912,4376128,8,2803200,6823,-816,3849,1610515687933
10,3736464,269560,1228,989124,1849792,16632768,9629696,7003072,8,2803200,6836,-805,3849,1610515688039
10,3736464,269164,1228,989124,1849792,16836072,9383936,7452136,8,2803200,6849,-805,3849,1610515688143
10,3736464,269016,1228,989124,1849792,16840720,9318400,7522320,8,2803200,6862,-805,3849,1610515688248
10,3736464,270356,1229,989124,1849792,16567736,10317824,6249912,8,2803200,6875,-805,3849,1610515688352
10,3736464,271776,1231,989124,1849792,16567736,12228696,4339040,8,2803200,6888,-805,3849,1610515688458
10,3736464,258584,1218,989124,1849792,18108344,0,18108344,8,2803200,6901,-805,3849,1610515688563
10,3736464,262208,1222,989124,1849792,16531608,2299584,14232024,8,2803200,6913,-805,3849,1610515688668
10,3736464,266512,1225,989124,1849792,16539848,6860744,9679104,8,2803200,6925,-805,3849,1610515688772
10,3736464,271988,1231,989124,1849792,16529616,12350344,4179272,8,2803200,6938,-805,3849,1610515688876
10,3736464,264292,1223,989124,1849792,16503448,4354048,12149400,8,2803200,6951,-805,3849,1610515688980
10,3736464,271636,1231,989124,1849792,16474208,11890688,4583520,8,2803200,6963,-805,3849,1610515689084
10,3736464,265140,1224,989124,1849792,16474208,5243064,11231144,8,2803200,6975,-805,3849,1610515689189
10,3736464,261620,1221,989124,1849792,16305136,1601536,14703600,8,2803200,6987,-805,3849,1610515689293
10,3736464,259248,1218,989124,1849792,16955032,0,16955032,8,2803200,7000,-805,3849,1610515689397
10,3736464,272172,1231,989124,1849792,16496632,12703208,3793424,8,2803200,7011,-812,3849,1610515689501
10,3736464,260020,1219,989008,1849792,16496632,325096,16171536,8,2803200,7022,-812,3849,1610515689606
10,3736464,264312,1223,989024,1849792,15999280,4304896,11694384,8,2803200,7035,-812,3849,1610515689710
10,3736464,269472,1229,989024,1849792,15999280,9692280,6307000,8,2803200,7046,-812,3849,1610515689814
10,3736464,264512,1224,989024,1849792,15999280,4473976,11525304,8,2803200,7057,-812,3849,1610515689918
10,3736464,261784,1221,989028,1849792,15999280,1614968,14384312,8,2803200,7067,-812,3849,1610515690022
10,3736464,260544,1220,989028,1849792,15999280,345208,15654072,8,2803200,7077,-812,3849,1610515690127
10,3736464,272712,1232,989028,1849792,15398440,12251136,3147304,8,2803200,7090,-812,3849,1610515690231
