1,3736464,403120,1305,933496,1849792,17819192,9076160,8743032,8,2803200,59,-252,4037,1610519374267
1,3736464,391836,1294,933496,1849792,20223520,0,20223520,8,2803200,73,-252,4037,1610519374381
1,3736464,395000,1296,933496,1849792,18553936,2032368,16521568,8,2803200,87,-252,4037,1610519374486
1,3736464,395928,1297,933524,1849792,16807608,888280,15919328,8,2803200,100,-252,4037,1610519374594
1,3736464,397912,1299,933524,1849792,16722240,2781184,13941056,8,2803200,115,-252,4037,1610519374701
1,3736464,397664,1299,933524,1849792,16744632,1595272,15149360,8,2803200,129,-252,4037,1610519374809
1,3736464,400392,1302,933524,1849792,16740336,4009984,12730352,8,2803200,143,-252,4037,1610519374917
1,3736464,399708,1301,933524,1849792,16614808,4696920,11917888,8,2803200,156,-252,4037,1610519375023
1,3736464,402932,1304,933528,1849792,16789632,8105984,8683648,8,2803200,171,-252,4037,1610519375129
1,3736464,405040,1306,933528,1849792,16696728,10158648,6538080,8,2803200,184,-252,4037,1610519375236
1,3736464,392764,1294,933528,1849792,18083640,0,18083640,8,2803200,199,-252,4037,1610519375341
1,3736464,401692,1303,933528,1849792,16679536,6402048,10277488,8,2803200,213,-252,4037,1610519375449
1,3736464,405784,1307,933528,1849792,16782984,11359352,5423632,8,2803200,227,-252,4037,1610519375555
1,3736464,394996,1297,933532,1849792,16644224,870616,15773608,8,2803200,240,-252,4037,1610519375661
1,3736464,403180,1304,933532,1849792,16601560,9089024,7512536,8,2803200,255,-767,4037,1610519375767
1,3736464,393880,1296,933532,1849792,16790976,0,16790976,8,2803200,267,-767,4037,1610519375873
1,3736464,401692,1303,933532,1849792,16975160,8053416,8921744,8,2803200,282,-767,4037,1610519375978
1,3736464,394252,1296,933532,1849792,16718112,301128,16416984,8,2803200,295,-767,4037,1610519376084
1,3736464,405736,1307,933536,1849792,17069656,12201984,4867672,8,2803200,310,-767,4037,1610519376193
1,3736464,400576,1302,933536,1849792,16632064,6598656,10033408,8,2803200,324,-767,4037,1610519376299
1,3736464,395400,1297,933540,1849792,16702536,1191936,15510600,8,2803200,336,-767,4037,1610519376405
1,3736464,405312,1307,933540,1849792,16691456,11791000,4900456,8,2803200,350,-767,4037,1610519376510
1,3736464,400988,1302,933540,1849792,16732472,7086344,9646128,8,2803200,363,-767,4037,1610519376616
1,3736464,397120,1299,933540,1849792,16688424,3381832,13306592,8,2803200,376,-767,4037,1610519376722
1,3736464,393832,1296,933540,1849792,16661056,86520,16574536,8,2803200,389,-767,4037,1610519376828
1,3736464,393248,1295,933540,1849792,17368608,0,17368608,8,2803200,404,-767,4037,1610519376939
1,3736464,393076,1295,933540,1849792,17751512,0,17751512,8,2803200,417,-767,4037,1610519377045
1,3736464,392800,1295,933540,1849792,17873536,0,17873536,8,2803200,431,-752,4037,1610519377151
1,3736464,397468,1299,933540,1849792,18980688,5964240,13016448,8,2803200,445,-752,4037,1610519377257
1,3736464,401136,1303,933540,1849792,16687856,7189272,9498584,8,2803200,457,-752,4037,1610519377363
1,3736464,401740,1303,933544,1849792,16725200,7975192,8750008,8,2803200,471,-752,4037,1610519377468
1,3736464,402920,1304,933544,1849792,16353144,8859592,7493552,8,2803200,483,-752,4037,1610519377574
1,3736464,404024,1305,933544,1849792,16685632,10382584,6303048,8,2803200,497,-752,4037,1610519377682
1,3736464,406272,1308,933544,1849792,16625192,12674872,3950320,8,2803200,510,-752,4037,1610519377789
1,3736464,395076,1297,933544,1849792,16368608,1011712,15356896,8,2803200,522,-752,4037,1610519377894
1,3736464,399988,1302,933544,1849792,16632248,4943872,11688376,8,2803200,535,-752,4037,1610519378000
1,3736464,402964,1304,933544,1849792,16293248,8744960,7548288,8,2803200,549,-752,4037,1610519378106
1,3736464,392672,1295,933544,1849792,17468200,0,17468200,8,2803200,562,-752,4037,1610519378213
1,3736464,398252,1300,933544,1849792,16929608,4944200,11985408,8,2803200,574,-752,4037,1610519378321
1,3736464,405568,1307,933548,1849792,16324472,11264152,5060320,8,2803200,587,-752,4037,1610519378426
1,3736464,399088,1301,933548,1849792,16312848,3993600,12319248,8,2803200,599,-752,4037,1610519378532
1,3736464,405328,1307,933548,1849792,16314872,11563008,4751864,8,2803200,613,-752,4037,1610519378637
1,3736464,398984,1301,933548,1849792,16314872,5314136,11000736,8,2803200,624,-752,4037,1610519378742
1,3736464,394820,1296,933548,1849792,16291080,782336,15508744,8,2803200,637,-752,4037,1610519378847
1,3736464,404952,1307,933548,1849792,16293520,11087872,5205648,8,2803200,650,-752,4037,1610519378952
1,3736464,400156,1302,933548,1849792,16293520,6464472,9829048,8,2803200,662,-752,4037,1610519379060
1,3736464,398044,1300,933548,1849792,16303232,3960832,12342400,8,2803200,674,-752,4037,1610519379166
1,3736464,395048,1297,933548,1849792,16303232,1222584,15080648,8,2803200,686,-752,4037,1610519379271
1,3736464,395304,1297,933548,1849792,16015104,306960,15708144,8,2803200,699,-752,4037,1610519379378
1,3736464,394344,1296,933552,1849792,16015104,89272,15925832,8,2803200,712,-752,4037,1610519379483
1,3736464,395832,1298,933556,1849792,16091984,1716224,14375760,8,2803200,725,-752,4037,1610519379588
1,3736464,396328,1298,933556,1849792,16091984,2359048,13732936,8,2803200,737,-752,4037,1610519379693
1,3736464,398560,1300,933556,1849792,15980496,4435968,11544528,8,2803200,750,-752,4037,1610519379799
1,3736464,400668,1302,933556,1849792,15980496,6656760,9323736,8,2803200,761,-752,4037,1610519379905
1,3736464,405320,1307,933556,1849792,15855248,10285056,5570192,8,2803200,774,-752,4037,1610519380010
1,3736464,396640,1298,933556,1849792,15855248,1298432,14556816,8,2803200,785,-756,4037,1610519380115
1,3736464,400484,1302,933560,1849792,15855248,5906944,9948304,8,2803200,797,-756,4037,1610519380220
1,3736464,406684,1308,933560,1849792,15816008,12070912,3745096,8,2803200,809,-756,4037,1610519380325
1,3736464,400296,1302,933560,1849792,15816008,5558272,10257736,8,2803200,820,-756,4037,1610519380430
1,3736464,394964,1297,933560,1849792,15816008,339968,15476040,8,2803200,832,-756,4037,1610519380535
1,3736464,401776,1304,933560,1849792,15816008,8120256,7695752,8,2803200,843,-756,4037,1610519380639
1,3736464,398056,1300,933560,1849792,15816008,4212672,11603336,8,2803200,853,-756,4037,1610519380744
1,3736464,395080,1297,933560,1849792,15816008,1025984,14790024,8,2803200,864,-756,4037,1610519380849
1,3736464,404372,1306,933560,1849792,15524328,10760192,4764136,8,2803200,877,-756,4037,1610519380955
1,3736464,402324,1304,933560,1849792,15524328,8540160,6984168,8,2803200,888,-756,4037,1610519381060
1,3736464,400836,1303,933560,1849792,15524328,6926336,8597992,8,2803200,898,-756,4037,1610519381164
1,3736464,399844,1302,933560,1849792,15524328,5787648,9736680,8,2803200,909,-756,4037,1610519381270
1,3736464,399332,1301,933564,1849792,15524328,5009408,10514920,8,2803200,920,-756,4037,1610519381375
1,3736464,398804,1301,933564,1849792,15524328,4542464,10981864,8,2803200,931,-756,4037,1610519381479
1,3736464,398772,1301,933568,1849792,15524328,4272128,11252200,8,2803200,941,-677,4037,1610519381585
1,3736464,398492,1300,933568,1849792,15524328,4067328,11457000,8,2803200,953,-677,4037,1610519381691
1,3736464,398460,1300,933568,1849792,15524328,3928064,11596264,8,2803200,963,-677,4037,1610519381795
2,3736464,402808,1305,933608,1849792,18244200,0,18244200,8,2803200,975,-226,4037,1610519384195
2,3736464,393160,1295,933608,1849792,17324504,143360,17181144,8,2803200,990,-226,4037,1610519384313
2,3736464,388920,1291,933608,1849792,21224768,0,21224768,8,2803200,1005,-226,4037,1610519384420
2,3736464,403324,1305,933608,1849792,17329840,11139128,6190712,8,2803200,1019,-792,4037,1610519384529
2,3736464,402552,1304,933620,1849792,17293736,9940992,7352744,8,2803200,1032,-792,4037,1610519384634
2,3736464,401064,1302,933620,1849792,17431216,7406296,10024920,8,2803200,1046,-792,4037,1610519384739
2,3736464,399328,1301,933620,1849792,17393848,6696960,10696888,8,2803200,1060,-792,4037,1610519384844
2,3736464,397964,1299,933620,1849792,17366704,5396824,11969880,8,2803200,1074,-792,4037,1610519384951
2,3736464,399732,1301,933620,1849792,17214552,6844416,10370136,8,2803200,1088,-792,4037,1610519385056
2,3736464,398864,1300,933624,1849792,17285360,5943304,11342056,8,2803200,1101,-792,4037,1610519385161
2,3736464,401096,1303,933624,1849792,17312184,8351744,8960440,8,2803200,1115,-792,4037,1610519385266
2,3736464,403072,1305,933628,1849792,17416384,9964424,7451960,8,2803200,1129,-792,4037,1610519385371
2,3736464,390956,1293,933628,1849792,20340736,0,20340736,8,2803200,1144,-792,4037,1610519385478
2,3736464,399224,1301,933628,1849792,17367024,5959680,11407344,8,2803200,1156,-792,4037,1610519385583
2,3736464,401764,1303,933628,1849792,17306536,9970216,7336320,8,2803200,1171,-792,4037,1610519385688
2,3736464,390112,1292,933628,1849792,18866248,0,18866248,8,2803200,1184,-792,4037,1610519385794
2,3736464,398972,1300,933628,1849792,17224536,6090752,11133784,8,2803200,1198,-792,4037,1610519385899
2,3736464,402880,1304,933628,1849792,17032736,10778856,6253880,8,2803200,1212,-792,4037,1610519386004
2,3736464,391356,1293,933628,1849792,17896560,0,17896560,8,2803200,1225,-792,4037,1610519386109
2,3736464,390424,1292,933628,1849792,18856904,0,18856904,8,2803200,1240,-792,4037,1610519386214
2,3736464,399900,1301,933628,1849792,17039584,8613888,8425696,8,2803200,1254,-792,4037,1610519386320
2,3736464,391592,1293,933632,1849792,16962496,77824,16884672,8,2803200,1268,-792,4037,1610519386426
2,3736464,390352,1292,933632,1849792,17645080,0,17645080,8,2803200,1283,-792,4037,1610519386532
2,3736464,398972,1300,933632,1849792,17205456,8258008,8947448,8,2803200,1297,-792,4037,1610519386638
2,3736464,392400,1294,933632,1849792,16964744,1473080,15491664,8,2803200,1309,-792,4037,1610519386743
2,3736464,388804,1291,933632,1849792,18742056,0,18742056,8,2803200,1324,-792,4037,1610519386847
2,3736464,401204,1303,933624,1849792,16748120,10416128,6331992,8,2803200,1338,-792,4037,1610519386952
2,3736464,396988,1298,933632,1849792,17129392,6270976,10858416,8,2803200,1351,-792,4037,1610519387058
2,3736464,393888,1296,933632,1849792,16971528,2912256,14059272,8,2803200,1363,-792,4037,1610519387162
2,3736464,391036,1293,933636,1849792,17058176,61440,16996736,8,2803200,1377,-792,4037,1610519387268
2,3736464,392276,1294,933636,1849792,16641272,1257472,15383800,8,2803200,1392,-792,4037,1610519387373
2,3736464,391068,1293,933640,1849792,16659536,61440,16598096,8,2803200,1405,-808,4037,1610519387478
2,3736464,390696,1293,933640,1849792,16964200,143312,16820888,8,2803200,1418,-808,4037,1610519387582
2,3736464,391068,1293,933640,1849792,16919968,61440,16858528,8,2803200,1432,-808,4037,1610519387687
2,3736464,391564,1293,933640,1849792,16532552,241664,16290888,8,2803200,1445,-808,4037,1610519387795
2,3736464,393300,1295,933640,1849792,16667728,2093056,14574672,8,2803200,1458,-808,4037,1610519387901
2,3736464,395656,1298,933640,1849792,16672360,4468736,12203624,8,2803200,1471,-808,4037,1610519388005
2,3736464,398664,1300,933640,1849792,16660608,7417856,9242752,8,2803200,1484,-808,4037,1610519388110
2,3736464,402880,1305,933640,1849792,16503704,11726848,4776856,8,2803200,1497,-808,4037,1610519388215
2,3736464,393580,1295,933640,1849792,16503704,2107624,14396080,8,2803200,1509,-808,4037,1610519388320
2,3736464,400500,1302,933640,1849792,16611544,9207800,7403744,8,2803200,1522,-808,4037,1610519388424
2,3736464,394332,1296,933640,1849792,16520144,2977792,13542352,8,2803200,1535,-808,4037,1610519388530
2,3736464,403840,1305,933640,1849792,16429720,12533760,3895960,8,2803200,1548,-808,4037,1610519388635
2,3736464,399768,1302,933640,1849792,16429720,8661112,7768608,8,2803200,1559,-808,4037,1610519388739
2,3736464,398592,1301,933640,1849792,16190920,7204864,8986056,8,2803200,1571,-827,4037,1610519388844
2,3736464,398532,1300,933640,1849792,16190920,7305896,8885024,8,2803200,1583,-827,4037,1610519388948
2,3736464,401556,1303,933640,1849792,15923768,9990144,5933624,8,2803200,1595,-827,4037,1610519389052
2,3736464,393372,1295,933640,1849792,15923768,1445888,14477880,8,2803200,1607,-827,4037,1610519389157
2,3736464,399308,1301,933640,1849792,15923768,7953520,7970248,8,2803200,1618,-827,4037,1610519389262
2,3736464,395688,1298,933612,1849792,15923768,4078704,11845064,8,2803200,1629,-827,4037,1610519389367
2,3736464,394076,1296,933612,1849792,15923768,2251888,13671880,8,2803200,1639,-827,4037,1610519389473
2,3736464,393580,1296,933612,1849792,15923768,1621104,14302664,8,2803200,1651,-827,4037,1610519389577
3,3736464,402132,1303,933624,1849792,16550280,10446992,6103288,8,2803200,1665,-232,4037,1610519394201
3,3736464,386960,1300,933624,1849792,21385152,0,21385152,8,2803200,1682,-232,4037,1610519394320
3,3736464,398672,1300,933624,1849792,17444232,8590808,8853424,8,2803200,1695,-232,4037,1610519394430
3,3736464,398112,1300,933624,1849792,17604976,7892992,9711984,8,2803200,1709,-232,4037,1610519394536
3,3736464,395356,1297,933624,1849792,17529800,5086728,12443072,8,2803200,1722,-232,4037,1610519394640
3,3736464,395108,1297,933628,1849792,17296752,4321280,12975472,8,2803200,1737,-782,4037,1610519394747
3,3736464,394984,1296,933628,1849792,17286392,3829224,13457168,8,2803200,1750,-782,4037,1610519394853
3,3736464,396844,1298,933628,1849792,17330672,5550080,11780592,8,2803200,1764,-782,4037,1610519394958
3,3736464,395572,1297,933628,1849792,17352808,4555720,12797088,8,2803200,1777,-782,4037,1610519395063
3,3736464,398052,1300,933628,1849792,17396512,6975488,10421024,8,2803200,1791,-782,4037,1610519395167
3,3736464,399044,1300,933628,1849792,17614536,9068296,8546240,8,2803200,1805,-782,4037,1610519395272
3,3736464,402136,1303,933628,1849792,17511040,11563008,5948032,8,2803200,1820,-782,4037,1610519395379
3,3736464,402748,1304,933628,1849792,17450712,12876824,4573888,8,2803200,1834,-782,4037,1610519395489
3,3736464,389868,1291,933628,1849792,18544328,0,18544328,8,2803200,1846,-782,4037,1610519395593
3,3736464,397184,1299,933628,1849792,17368168,7057408,10310760,8,2803200,1861,-782,4037,1610519395698
3,3736464,400904,1303,933628,1849792,17324800,10867064,6457736,8,2803200,1874,-782,4037,1610519395804
3,3736464,389372,1291,933628,1849792,18363584,0,18363584,8,2803200,1887,-782,4037,1610519395909
3,3736464,387264,1289,933628,1849792,20420504,0,20420504,8,2803200,1902,-782,4037,1610519396014
3,3736464,397308,1299,933628,1849792,17363640,6320128,11043512,8,2803200,1916,-782,4037,1610519396119
3,3736464,402240,1304,933628,1849792,18552400,0,18552400,8,2803200,1930,-812,4037,1610519396226
3,3736464,392036,1294,933628,1849792,17328456,1874344,15454112,8,2803200,1943,-812,4037,1610519396333
3,3736464,402780,1304,933628,1849792,17071808,12445968,4625840,8,2803200,1957,-812,4037,1610519396438
3,3736464,395428,1297,933628,1849792,16800248,4485120,12315128,8,2803200,1970,-812,4037,1610519396543
3,3736464,402216,1304,933628,1849792,16805024,11894296,4910728,8,2803200,1983,-812,4037,1610519396648
3,3736464,396236,1298,933632,1849792,16780584,5651048,11129536,8,2803200,1996,-812,4037,1610519396752
3,3736464,390916,1293,933632,1849792,17117224,0,17117224,8,2803200,2010,-812,4037,1610519396857
3,3736464,400096,1302,933632,1849792,19219856,0,19219856,8,2803200,2024,-812,4037,1610519396962
3,3736464,398548,1300,933632,1849792,16961584,9351168,7610416,8,2803200,2037,-812,4037,1610519397071
3,3736464,394624,1296,933632,1849792,17000040,5074944,11925096,8,2803200,2052,-812,4037,1610519397175
3,3736464,393304,1295,933632,1849792,17037760,3780608,13257152,8,2803200,2065,-812,4037,1610519397280
3,3736464,390576,1292,933632,1849792,16846552,946176,15900376,8,2803200,2078,-812,4037,1610519397384
3,3736464,389584,1291,933632,1849792,16934688,45056,16889632,8,2803200,2091,-812,4037,1610519397488
3,3736464,392188,1294,933636,1849792,17024792,2928640,14096152,8,2803200,2105,-812,4037,1610519397592
3,3736464,392808,1295,933640,1849792,16634272,3223552,13410720,8,2803200,2118,-779,4037,1610519397697
3,3736464,393800,1296,933640,1849792,16492440,4108288,12384152,8,2803200,2131,-779,4037,1610519397801
3,3736464,395412,1297,933640,1849792,16497968,5828608,10669360,8,2803200,2144,-779,4037,1610519397905
3,3736464,397892,1300,933632,1849792,16552952,8335360,8217592,8,2803200,2157,-779,4037,1610519398009
3,3736464,400556,1302,933632,1849792,16394848,11235328,5159520,8,2803200,2169,-779,4037,1610519398114
3,3736464,389272,1291,933632,1849792,16795112,0,16795112,8,2803200,2181,-779,4037,1610519398218
3,3736464,396216,1298,933632,1849792,16519104,6109752,10409352,8,2803200,2194,-779,4037,1610519398323
3,3736464,389520,1292,933636,1849792,16493816,45056,16448760,8,2803200,2207,-779,4037,1610519398426
3,3736464,397052,1299,933636,1849792,16468432,7712768,8755664,8,2803200,2219,-779,4037,1610519398531
3,3736464,391532,1294,933636,1849792,16468432,1952104,14516328,8,2803200,2230,-779,4037,1610519398635
3,3736464,389848,1295,933636,1849792,16299776,0,16299776,8,2803200,2244,-779,4037,1610519398739
3,3736464,401240,1303,933636,1849792,16072520,11579392,4493128,8,2803200,2256,-779,4037,1610519398843
3,3736464,401488,1303,933636,1849792,16072520,11863624,4208896,8,2803200,2267,-779,4037,1610519398947
3,3736464,391568,1294,933636,1849792,16072520,1566280,14506240,8,2803200,2278,-779,4037,1610519399052
3,3736464,397456,1299,933636,1849792,15759120,7237632,8521488,8,2803200,2290,-849,4037,1610519399156
3,3736464,392496,1294,933636,1849792,15759120,2052096,13707024,8,2803200,2301,-849,4037,1610519399261
3,3736464,401164,1303,933636,1849792,15759120,11335616,4423504,8,2803200,2312,-849,4037,1610519399365
3,3736464,400120,1302,933640,1849792,15759120,9869248,5889872,8,2803200,2323,-849,4037,1610519399468
3,3736464,399872,1302,933640,1849792,15759120,9484224,6274896,8,2803200,2334,-849,4037,1610519399572
4,3736464,394660,1296,933652,1849792,15759120,4507456,11251664,8,2803200,2341,-223,4037,1610519404212
4,3736464,394788,1297,933652,1849792,17554200,6549504,11004696,8,2803200,2355,-223,4037,1610519404316
4,3736464,388400,1290,933652,1849792,18109344,0,18109344,8,2803200,2368,-223,4037,1610519404420
4,3736464,390136,1292,933652,1849792,17363056,503808,16859248,8,2803200,2382,-223,4037,1610519404524
4,3736464,387284,1289,933660,1849792,19030448,0,19030448,8,2803200,2396,-223,4037,1610519404629
4,3736464,395468,1297,933660,1849792,17285760,5664768,11620992,8,2803200,2410,-223,4037,1610519404734
4,3736464,391996,1294,933660,1849792,17275400,3077384,14198016,8,2803200,2424,-223,4037,1610519404841
4,3736464,391748,1294,933660,1849792,17090080,2486272,14603808,8,2803200,2437,-223,4037,1610519404945
4,3736464,390756,1292,933660,1849792,17063176,1526680,15536496,8,2803200,2451,-798,4037,1610519405050
4,3736464,393484,1295,933660,1849792,17074336,3633152,13441184,8,2803200,2465,-798,4037,1610519405154
4,3736464,396832,1298,933660,1849792,17391320,8103096,9288224,8,2803200,2479,-798,4037,1610519405258
4,3736464,401044,1302,933660,1849792,17383616,12478080,4905536,8,2803200,2493,-798,4037,1610519405364
4,3736464,388556,1290,933660,1849792,17477400,0,17477400,8,2803200,2506,-798,4037,1610519405469
4,3736464,389548,1291,933660,1849792,17268800,1013736,16255064,8,2803200,2519,-798,4037,1610519405573
4,3736464,394632,1296,933660,1849792,16947848,5632000,11315848,8,2803200,2533,-798,4037,1610519405678
4,3736464,396740,1298,933660,1849792,17084000,7854264,9229736,8,2803200,2546,-798,4037,1610519405784
4,3736464,385952,1288,933660,1849792,19563696,0,19563696,8,2803200,2560,-798,4037,1610519405889
4,3736464,393144,1295,933660,1849792,17148736,3944448,13204288,8,2803200,2573,-798,4037,1610519405993
4,3736464,397980,1300,933660,1849792,16760776,9138936,7621840,8,2803200,2587,-798,4037,1610519406098
4,3736464,387408,1289,933660,1849792,18446216,0,18446216,8,2803200,2600,-798,4037,1610519406202
4,3736464,384928,1287,933660,1849792,20577208,0,20577208,8,2803200,2613,-798,4037,1610519406307
4,3736464,397112,1299,933660,1849792,16717296,7532544,9184752,8,2803200,2627,-798,4037,1610519406411
4,3736464,388804,1291,933660,1849792,16804552,77824,16726728,8,2803200,2640,-791,4037,1610519406515
4,3736464,395624,1297,933660,1849792,16812576,6800536,10012040,8,2803200,2654,-791,4037,1610519406620
4,3736464,386944,1289,933660,1849792,18702304,0,18702304,8,2803200,2666,-791,4037,1610519406727
4,3736464,386728,1289,933660,1849792,18643912,0,18643912,8,2803200,2681,-791,4037,1610519406831
4,3736464,400864,1303,933660,1849792,17930736,13400696,4530040,8,2803200,2695,-791,4037,1610519406936
4,3736464,396772,1299,933660,1849792,16802592,7794688,9007904,8,2803200,2708,-791,4037,1610519407040
4,3736464,391844,1294,933660,1849792,16726056,2732032,13994024,8,2803200,2720,-791,4037,1610519407144
4,3736464,388868,1291,933660,1849792,16780288,61440,16718848,8,2803200,2734,-791,4037,1610519407248
4,3736464,389600,1302,933660,1849792,17431832,0,17431832,8,2803200,2747,-791,4037,1610519407352
4,3736464,399872,1302,933660,1849792,16728464,10675240,6053224,8,2803200,2760,-791,4037,1610519407458
4,3736464,398136,1300,933660,1849792,16767288,9445512,7321776,8,2803200,2773,-791,4037,1610519407564
4,3736464,397888,1300,933660,1849792,16706736,9379336,7327400,8,2803200,2786,-791,4037,1610519407669
4,3736464,399128,1301,933660,1849792,16467336,9920744,6546592,8,2803200,2798,-791,4037,1610519407774
4,3736464,399376,1301,933660,1849792,16766752,10838792,5927960,8,2803200,2812,-791,4037,1610519407878
4,3736464,401104,1303,933640,1849792,16445712,12527576,3918136,8,2803200,2825,-796,4037,1610519407986
4,3736464,389456,1292,933640,1849792,16435368,438272,15997096,8,2803200,2837,-796,4037,1610519408091
4,3736464,393640,1295,933640,1849792,16388928,4370432,12018496,8,2803200,2849,-796,4037,1610519408196
4,3736464,398476,1300,933640,1849792,16362104,9269248,7092856,8,2803200,2863,-796,4037,1610519408300
4,3736464,389084,1291,933660,1849792,16513984,0,16513984,8,2803200,2874,-796,4037,1610519408404
4,3736464,396648,1298,933660,1849792,16340552,7555080,8785472,8,2803200,2887,-796,4037,1610519408508
4,3736464,391936,1294,933660,1849792,16100304,2469888,13630416,8,2803200,2899,-796,4037,1610519408612
4,3736464,401560,1303,933660,1849792,16122248,12382208,3740040,8,2803200,2912,-796,4037,1610519408718
4,3736464,398756,1300,933660,1849792,16122248,9447496,6674752,8,2803200,2923,-796,4037,1610519408821
4,3736464,398756,1300,933660,1849792,15984040,9220096,6763944,8,2803200,2935,-796,4037,1610519408925
4,3736464,400120,1302,933660,1849792,15984040,10882360,5101680,8,2803200,2947,-796,4037,1610519409029
4,3736464,391688,1294,933660,1849792,15984040,2075960,13908080,8,2803200,2957,-796,4037,1610519409133
4,3736464,398540,1300,933660,1849792,15706656,8695808,7010848,8,2803200,2969,-796,4037,1610519409237
4,3736464,394292,1296,933660,1849792,15706656,4345856,11360800,8,2803200,2980,-796,4037,1610519409341
4,3736464,392152,1294,933660,1849792,15706656,2207744,13498912,8,2803200,2990,-827,4037,1610519409445
4,3736464,391624,1294,933660,1849792,15706656,1445888,14260768,8,2803200,3002,-827,4037,1610519409549
5,3736464,397684,1299,933668,1849792,15706656,8453608,7253048,8,2803200,3015,-222,3861,1610519414211
5,3736464,397944,1299,933668,1849792,17536256,9334784,8201472,8,2803200,3029,-222,3861,1610519414314
5,3736464,390876,1293,933668,1849792,17396096,2318696,15077400,8,2803200,3042,-222,3861,1610519414419
5,3736464,388220,1290,933668,1849792,17118920,0,17118920,8,2803200,3056,-222,3861,1610519414523
5,3736464,385544,1288,933668,1849792,19588056,0,19588056,8,2803200,3070,-222,3861,1610519414627
5,3736464,387156,1289,933668,1849792,18007368,0,18007368,8,2803200,3083,-222,3861,1610519414732
5,3736464,386536,1289,933668,1849792,18817864,0,18817864,8,2803200,3097,-222,3861,1610519414836
5,3736464,387652,1290,933668,1849792,17516968,0,17516968,8,2803200,3110,-222,3861,1610519414940
5,3736464,386908,1289,933668,1849792,18764200,0,18764200,8,2803200,3124,-222,3861,1610519415045
5,3736464,390132,1292,933668,1849792,17448232,1634304,15813928,8,2803200,3138,-222,3861,1610519415151
5,3736464,391868,1293,933668,1849792,17404272,3401192,14003080,8,2803200,3151,-813,3861,1610519415255
5,3736464,394628,1296,933676,1849792,17038424,6582272,10456152,8,2803200,3165,-813,3861,1610519415360
5,3736464,396980,1299,933676,1849792,17306048,8799192,8506856,8,2803200,3179,-813,3861,1610519415464
5,3736464,397824,1300,933676,1849792,20216432,0,20216432,8,2803200,3193,-813,3861,1610519415568
5,3736464,387680,1289,933676,1849792,17534720,258048,17276672,8,2803200,3205,-813,3861,1610519415674
5,3736464,392020,1294,933676,1849792,17261208,4561112,12700096,8,2803200,3219,-813,3861,1610519415779
5,3736464,399088,1301,933676,1849792,17190080,11661312,5528768,8,2803200,3233,-813,3861,1610519415883
5,3736464,388548,1290,933676,1849792,16818488,110480,16708008,8,2803200,3245,-813,3861,1610519415987
5,3736464,393880,1295,933676,1849792,16892000,5436216,11455784,8,2803200,3259,-813,3861,1610519416091
5,3736464,385572,1288,933676,1849792,19017040,0,19017040,8,2803200,3272,-813,3861,1610519416195
5,3736464,397600,1299,933676,1849792,16987184,10006528,6980656,8,2803200,3286,-813,3861,1610519416299
5,3736464,392640,1294,933676,1849792,16779560,4534272,12245288,8,2803200,3298,-813,3861,1610519416404
5,3736464,399708,1301,933676,1849792,16800880,12011544,4789336,8,2803200,3312,-813,3861,1610519416508
5,3736464,391400,1293,933676,1849792,16858248,3409128,13449120,8,2803200,3324,-813,3861,1610519416613
5,3736464,385820,1288,933676,1849792,18584104,0,18584104,8,2803200,3339,-819,3861,1610519416716
5,3736464,398316,1300,933676,1849792,16935800,10088448,6847352,8,2803200,3351,-819,3861,1610519416824
5,3736464,392116,1294,933676,1849792,16777152,3829760,12947392,8,2803200,3364,-819,3861,1610519416928
5,3736464,387652,1290,933676,1849792,16651096,45056,16606040,8,2803200,3377,-819,3861,1610519417032
5,3736464,398316,1300,933676,1849792,16741136,10972296,5768840,8,2803200,3390,-819,3861,1610519417136
5,3736464,395604,1297,933676,1849792,16779032,8054168,8724864,8,2803200,3403,-819,3861,1610519417241
5,3736464,393720,1296,933676,1849792,16801200,6300232,10500968,8,2803200,3416,-819,3861,1610519417345
5,3736464,392860,1295,933676,1849792,16773288,4563448,12209840,8,2803200,3429,-819,3861,1610519417449
5,3736464,392112,1294,933676,1849792,16745824,4431640,12314184,8,2803200,3441,-819,3861,1610519417553
5,3736464,391988,1294,933676,1849792,16555912,4153016,12402896,8,2803200,3455,-819,3861,1610519417658
5,3736464,392360,1294,933676,1849792,16838944,4857672,11981272,8,2803200,3467,-819,3861,1610519417762
5,3736464,394220,1296,933676,1849792,16517096,5628648,10888448,8,2803200,3479,-819,3861,1610519417866
5,3736464,395336,1297,933676,1849792,16474016,7497272,8976744,8,2803200,3493,-819,3861,1610519417972
5,3736464,397816,1300,933676,1849792,16479768,10037960,6441808,8,2803200,3505,-819,3861,1610519418077
5,3736464,388080,1290,933676,1849792,16453504,241664,16211840,8,2803200,3518,-813,3861,1610519418180
5,3736464,393752,1296,933676,1849792,16376536,5713920,10662616,8,2803200,3531,-813,3861,1610519418285
5,3736464,399704,1301,933676,1849792,16380192,11825152,4555040,8,2803200,3544,-813,3861,1610519418388
5,3736464,391272,1293,933676,1849792,16380192,3388728,12991464,8,2803200,3555,-813,3861,1610519418492
5,3736464,399580,1302,933676,1849792,16373824,11818024,4555800,8,2803200,3567,-813,3861,1610519418597
5,3736464,396108,1298,933672,1849792,16070488,7974912,8095576,8,2803200,3580,-813,3861,1610519418701
5,3736464,392884,1295,933664,1849792,16070488,4972024,11098464,8,2803200,3591,-813,3861,1610519418805
5,3736464,392636,1295,933664,1849792,16046744,4485120,11561624,8,2803200,3604,-813,3861,1610519418909
5,3736464,393504,1295,933664,1849792,16046744,5390296,10656448,8,2803200,3615,-813,3861,1610519419013
5,3736464,397720,1300,933664,1849792,15711560,9302016,6409544,8,2803200,3628,-813,3861,1610519419117
5,3736464,391092,1293,933664,1849792,15711560,2002944,13708616,8,2803200,3638,-813,3861,1610519419227
5,3736464,397928,1300,933664,1849792,15711560,9792192,5919368,8,2803200,3650,-813,3861,1610519419331
5,3736464,395480,1298,933676,1849792,15711560,7228096,8483464,8,2803200,3660,-813,3861,1610519419434
5,3736464,394736,1297,933676,1849792,15711560,6318784,9392776,8,2803200,3672,-813,3861,1610519419538
6,3736464,389240,1291,933680,1849792,15711560,965184,14746376,8,2803200,3684,-250,3861,1610519424213
6,3736464,386976,1289,933680,1849792,17240736,28672,17212064,8,2803200,3698,-250,3861,1610519424317
6,3736464,396740,1298,933680,1849792,21157352,0,21157352,8,2803200,3712,-250,3861,1610519424422
6,3736464,395856,1298,933680,1849792,17328168,9551608,7776560,8,2803200,3726,-250,3861,1610519424528
6,3736464,396152,1298,933680,1849792,17062928,8679424,8383504,8,2803200,3739,-250,3861,1610519424632
6,3736464,389828,1292,933680,1849792,17069480,3164776,13904704,8,2803200,3752,-250,3861,1610519424736
6,3736464,391068,1293,933680,1849792,17114160,3665920,13448240,8,2803200,3766,-250,3861,1610519424840
6,3736464,390324,1292,933676,1849792,17349096,3317256,14031840,8,2803200,3779,-250,3861,1610519424944
6,3736464,391812,1293,933676,1849792,17360592,5337088,12023504,8,2803200,3793,-250,3861,1610519425049
6,3736464,391440,1293,933676,1849792,17251656,4306728,12944928,8,2803200,3806,-250,3861,1610519425154
6,3736464,395284,1297,933676,1849792,16999808,7876608,9123200,8,2803200,3820,-250,3861,1610519425258
6,3736464,393856,1296,933680,1849792,17103608,7393448,9710160,8,2803200,3833,-250,3861,1610519425363
6,3736464,383192,1285,933680,1849792,20502392,0,20502392,8,2803200,3848,-803,3861,1610519425468
6,3736464,386664,1289,933680,1849792,17070424,274432,16795992,8,2803200,3860,-803,3861,1610519425575
6,3736464,391236,1293,933680,1849792,17125200,4679880,12445320,8,2803200,3874,-803,3861,1610519425679
6,3736464,382604,1285,933680,1849792,20505072,0,20505072,8,2803200,3888,-803,3861,1610519425783
6,3736464,397700,1299,933680,1849792,24217376,0,24217376,8,2803200,3902,-803,3861,1610519425887
6,3736464,390012,1292,933680,1849792,17147112,3977216,13169896,8,2803200,3915,-803,3861,1610519425992
6,3736464,395592,1297,933680,1849792,17086624,9745176,7341448,8,2803200,3928,-803,3861,1610519426096
6,3736464,386508,1289,933680,1849792,17198768,0,17198768,8,2803200,3941,-803,3861,1610519426200
6,3736464,383532,1286,933680,1849792,19140696,0,19140696,8,2803200,3955,-803,3861,1610519426304
6,3736464,395684,1297,933680,1849792,17092520,9089024,8003496,8,2803200,3969,-803,3861,1610519426409
6,3736464,387004,1289,933680,1849792,17048480,897024,16151456,8,2803200,3982,-803,3861,1610519426513
6,3736464,395312,1297,933680,1849792,16774984,9241864,7533120,8,2803200,3995,-803,3861,1610519426617
6,3736464,388864,1291,933680,1849792,16848688,2031096,14817592,8,2803200,4008,-803,3861,1610519426722
6,3736464,384028,1286,933680,1849792,18526656,0,18526656,8,2803200,4021,-803,3861,1610519426826
6,3736464,397296,1299,933680,1849792,16680944,11120640,5560304,8,2803200,4035,-791,3861,1610519426930
6,3736464,392708,1295,933680,1849792,16768296,5763072,11005224,8,2803200,4048,-791,3861,1610519427034
6,3736464,387500,1290,933680,1849792,16805872,585728,16220144,8,2803200,4061,-791,3861,1610519427139
6,3736464,398528,1300,933680,1849792,16777848,12772728,4005120,8,2803200,4074,-791,3861,1610519427244
6,3736464,395932,1298,933680,1849792,16770288,9986600,6783688,8,2803200,4087,-791,3861,1610519427349
6,3736464,394380,1296,933680,1849792,16775080,8364696,8410384,8,2803200,4099,-791,3861,1610519427453
6,3736464,393264,1295,933680,1849792,16780736,7364568,9416168,8,2803200,4113,-791,3861,1610519427558
6,3736464,393016,1295,933680,1849792,16753368,7184008,9569360,8,2803200,4125,-791,3861,1610519427662
6,3736464,393388,1295,933680,1849792,16481696,7250040,9231656,8,2803200,4138,-791,3861,1610519427767
6,3736464,394256,1296,933680,1849792,16715016,8200920,8514096,8,2803200,4151,-791,3861,1610519427871
6,3736464,397356,1299,933680,1849792,16459616,11101704,5357912,8,2803200,4163,-791,3861,1610519427975
6,3736464,386568,1289,933680,1849792,16465336,176128,16289208,8,2803200,4176,-791,3861,1610519428079
6,3736464,392052,1294,933680,1849792,16618560,6041600,10576960,8,2803200,4189,-791,3861,1610519428183
6,3736464,397444,1299,933680,1849792,16393336,11251712,5141624,8,2803200,4202,-791,3861,1610519428287
6,3736464,387684,1290,933680,1849792,16393336,1371096,15022240,8,2803200,4214,-804,3861,1610519428391
6,3736464,394628,1296,933680,1849792,16352424,8356648,7995776,8,2803200,4226,-804,3861,1610519428495
6,3736464,388924,1291,933680,1849792,16327200,2453504,13873696,8,2803200,4239,-804,3861,1610519428599
6,3736464,398596,1300,933680,1849792,16069496,12054528,4014968,8,2803200,4251,-804,3861,1610519428703
6,3736464,394876,1297,933680,1849792,16069496,8511784,7557712,8,2803200,4262,-804,3861,1610519428807
6,3736464,394380,1296,933680,1849792,16032552,7745536,8287016,8,2803200,4275,-804,3861,1610519428911
6,3736464,394752,1297,933680,1849792,16032552,8340056,7692496,8,2803200,4286,-804,3861,1610519429015
6,3736464,398720,1300,933680,1849792,15730280,11923456,3806824,8,2803200,4298,-804,3861,1610519429118
6,3736464,391280,1293,933680,1849792,15730280,4313088,11417192,8,2803200,4308,-804,3861,1610519429222
6,3736464,398348,1300,933680,1849792,15730280,11726752,4003528,8,2803200,4319,-804,3861,1610519429326
6,3736464,395184,1297,933680,1849792,15730280,8556448,7173832,8,2803200,4330,-804,3861,1610519429430
6,3736464,394192,1296,933680,1849792,15730280,7352224,8378056,8,2803200,4341,-804,3861,1610519429534
6,3736464,393944,1296,933680,1849792,15730280,7049120,8681160,8,2803200,4351,-804,3861,1610519429637
7,3736464,386060,1288,933688,1849792,16295752,0,16295752,8,2803200,4358,-244,3861,1610519434250
7,3736464,388636,1290,933688,1849792,17163576,3452928,13710648,8,2803200,4373,-300,3861,1610519434356
7,3736464,382992,1285,933688,1849792,19389840,0,19389840,8,2803200,4387,-300,3861,1610519434461
7,3736464,386092,1288,933688,1849792,17070432,552960,16517472,8,2803200,4401,-300,3861,1610519434565
7,3736464,382868,1285,933688,1849792,19180240,0,19180240,8,2803200,4414,-300,3861,1610519434669
7,3736464,387580,1289,933688,1849792,17041648,1404928,15636720,8,2803200,4428,-300,3861,1610519434774
7,3736464,383860,1286,933688,1849792,18852304,0,18852304,8,2803200,4442,-300,3861,1610519434878
7,3736464,386808,1289,933688,1849792,17124720,1454080,15670640,8,2803200,4455,-300,3861,1610519434983
7,3736464,386808,1289,933688,1849792,17097848,953240,16144608,8,2803200,4468,-300,3861,1610519435087
7,3736464,389660,1291,933688,1849792,16945056,3993600,12951456,8,2803200,4482,-300,3861,1610519435192
7,3736464,389072,1291,933688,1849792,16982968,3024488,13958480,8,2803200,4496,-300,3861,1610519435296
7,3736464,391268,1293,933688,1849792,17043072,5419008,11624064,8,2803200,4509,-300,3861,1610519435401
7,3736464,390372,1292,933688,1849792,17064600,5342456,11722144,8,2803200,4522,-300,3861,1610519435505
7,3736464,393124,1295,933688,1849792,17172912,8204288,8968624,8,2803200,4537,-300,3861,1610519435610
7,3736464,394916,1297,933688,1849792,16997832,10037096,6960736,8,2803200,4550,-300,3861,1610519435715
7,3736464,383968,1286,933684,1849792,18457416,0,18457416,8,2803200,4563,-798,3861,1610519435819
7,3736464,391112,1293,933684,1849792,16768120,5566464,11201656,8,2803200,4576,-798,3861,1610519435923
7,3736464,396588,1298,933684,1849792,17133184,11468520,5664664,8,2803200,4590,-798,3861,1610519436027
7,3736464,386076,1288,933684,1849792,17062320,0,17062320,8,2803200,4603,-798,3861,1610519436132
7,3736464,392744,1295,933684,1849792,17033872,7778304,9255568,8,2803200,4617,-798,3861,1610519436237
7,3736464,385424,1288,933684,1849792,16994360,0,16994360,8,2803200,4629,-798,3861,1610519436341
7,3736464,392276,1294,933688,1849792,16736816,6853016,9883800,8,2803200,4643,-798,3861,1610519436445
7,3736464,384340,1286,933688,1849792,18213856,0,18213856,8,2803200,4656,-798,3861,1610519436549
7,3736464,385224,1299,933688,1849792,19564120,0,19564120,8,2803200,4670,-798,3861,1610519436653
7,3736464,392772,1295,933688,1849792,16738152,6746112,9992040,8,2803200,4683,-798,3861,1610519436758
7,3736464,386448,1288,933688,1849792,16693904,94208,16599696,8,2803200,4696,-798,3861,1610519436862
7,3736464,396244,1298,933688,1849792,16682600,10777144,5905456,8,2803200,4709,-798,3861,1610519436966
7,3736464,392400,1294,933688,1849792,16642064,6139592,10502472,8,2803200,4722,-798,3861,1610519437071
7,3736464,387688,1290,933688,1849792,16761816,2059512,14702304,8,2803200,4734,-798,3861,1610519437175
7,3736464,384092,1286,933688,1849792,18296728,0,18296728,8,2803200,4748,-804,3861,1610519437278
7,3736464,383780,1286,933688,1849792,18287456,0,18287456,8,2803200,4760,-804,3861,1610519437383
7,3736464,382960,1285,933688,1849792,19004752,0,19004752,8,2803200,4773,-804,3861,1610519437487
7,3736464,383868,1286,933688,1849792,18147192,0,18147192,8,2803200,4787,-804,3861,1610519437592
7,3736464,384372,1286,933688,1849792,18009744,0,18009744,8,2803200,4799,-804,3861,1610519437697
7,3736464,385020,1287,933688,1849792,17064864,0,17064864,8,2803200,4812,-804,3861,1610519437801
7,3736464,387252,1289,933688,1849792,16750672,1253944,15496728,8,2803200,4824,-804,3861,1610519437905
7,3736464,388896,1291,933688,1849792,16461944,3237416,13224528,8,2803200,4837,-804,3861,1610519438009
7,3736464,392740,1295,933688,1849792,16418480,6335192,10083288,8,2803200,4850,-804,3861,1610519438113
7,3736464,395948,1298,933688,1849792,16457848,10318008,6139840,8,2803200,4862,-804,3861,1610519438217
7,3736464,386896,1289,933688,1849792,16431216,765952,15665264,8,2803200,4874,-804,3861,1610519438321
7,3736464,392552,1295,933688,1849792,16368968,6811648,9557320,8,2803200,4887,-804,3861,1610519438425
7,3736464,384864,1287,933688,1849792,17044304,0,17044304,8,2803200,4900,-804,3861,1610519438529
7,3736464,392800,1295,933688,1849792,16465984,7382664,9083320,8,2803200,4911,-804,3861,1610519438634
7,3736464,389824,1292,933688,1849792,16042960,3633152,12409808,8,2803200,4924,-817,3861,1610519438738
7,3736464,386600,1289,933688,1849792,16042960,679912,15363048,8,2803200,4935,-817,3861,1610519438842
7,3736464,386848,1289,933688,1849792,16051664,716800,15334864,8,2803200,4946,-817,3861,1610519438946
7,3736464,388336,1291,933688,1849792,16051664,2359352,13692312,8,2803200,4958,-817,3861,1610519439050
7,3736464,393296,1295,933688,1849792,15731632,6877184,8854448,8,2803200,4970,-817,3861,1610519439155
7,3736464,387344,1289,933688,1849792,15731632,675840,15055792,8,2803200,4981,-817,3861,1610519439259
7,3736464,395496,1298,933688,1849792,15731632,8825728,6905904,8,2803200,4992,-817,3861,1610519439363
7,3736464,393512,1296,933688,1849792,15731632,6671232,9060400,8,2803200,5003,-817,3861,1610519439467
7,3736464,392768,1295,933688,1849792,15731632,5958528,9773104,8,2803200,5014,-817,3861,1610519439571
8,3736464,387012,1289,933692,1849792,15731632,768768,14962864,8,2803200,5025,-242,3861,1610519444234
8,3736464,384284,1287,933692,1849792,17490488,0,17490488,8,2803200,5039,-242,3861,1610519444338
8,3736464,380560,1283,933692,1849792,20337984,0,20337984,8,2803200,5053,-242,3861,1610519444442
8,3736464,383528,1286,933692,1849792,17463376,0,17463376,8,2803200,5067,-740,3861,1610519444546
8,3736464,381244,1284,933692,1849792,19505760,0,19505760,8,2803200,5080,-740,3861,1610519444651
8,3736464,390296,1292,933692,1849792,17447808,6729728,10718080,8,2803200,5095,-740,3861,1610519444755
8,3736464,388808,1291,933692,1849792,17191736,5043832,12147904,8,2803200,5108,-740,3861,1610519444860
8,3736464,389676,1292,933692,1849792,17334128,5320704,12013424,8,2803200,5122,-740,3861,1610519444965
8,3736464,391288,1293,933692,1849792,17307224,6966360,10340864,8,2803200,5135,-740,3861,1610519445069
8,3736464,393148,1295,933692,1849792,17564288,9777152,7787136,8,2803200,5149,-740,3861,1610519445174
8,3736464,392992,1295,933692,1849792,17225416,9283336,7942080,8,2803200,5163,-740,3861,1610519445278
8,3736464,395416,1297,933692,1849792,17682688,12517376,5165312,8,2803200,5177,-740,3861,1610519445383
8,3736464,383724,1286,933692,1849792,17344184,0,17344184,8,2803200,5190,-740,3861,1610519445487
8,3736464,384760,1287,933692,1849792,17233760,1112328,16121432,8,2803200,5202,-740,3861,1610519445592
8,3736464,390252,1292,933692,1849792,17011224,6451200,10560024,8,2803200,5216,-740,3861,1610519445697
8,3736464,393452,1295,933692,1849792,17130800,9820776,7310024,8,2803200,5230,-740,3861,1610519445802
8,3736464,382668,1285,933692,1849792,18315344,0,18315344,8,2803200,5243,-740,3861,1610519445907
8,3736464,393024,1295,933684,1849792,17147440,9449472,7697968,8,2803200,5257,-802,3861,1610519446011
8,3736464,383352,1286,933684,1849792,17467560,0,17467560,8,2803200,5271,-802,3861,1610519446115
8,3736464,388684,1291,933684,1849792,17013360,5057512,11955848,8,2803200,5283,-802,3861,1610519446221
8,3736464,380872,1283,933684,1849792,19532928,0,19532928,8,2803200,5297,-802,3861,1610519446325
8,3736464,390668,1293,933692,1849792,16796896,5976064,10820832,8,2803200,5310,-802,3861,1610519446430
8,3736464,383848,1286,933692,1849792,16969912,0,16969912,8,2803200,5323,-802,3861,1610519446534
8,3736464,392032,1294,933692,1849792,16728416,8127976,8600440,8,2803200,5337,-802,3861,1610519446638
8,3736464,385088,1287,933692,1849792,17044424,1293800,15750624,8,2803200,5349,-802,3861,1610519446743
8,3736464,396084,1298,933692,1849792,16822000,12201984,4620016,8,2803200,5364,-802,3861,1610519446848
8,3736464,390024,1292,933692,1849792,16795032,6287360,10507672,8,2803200,5376,-802,3861,1610519446953
8,3736464,385188,1287,933692,1849792,16669024,962560,15706464,8,2803200,5389,-802,3861,1610519447057
8,3736464,395688,1297,933692,1849792,16673240,11889912,4783328,8,2803200,5402,-802,3861,1610519447162
8,3736464,393200,1295,933692,1849792,16878976,9660088,7218888,8,2803200,5415,-802,3861,1610519447266
8,3736464,391348,1293,933692,1849792,16818456,7185064,9633392,8,2803200,5428,-802,3861,1610519447370
8,3736464,388868,1291,933692,1849792,16725632,5169368,11556264,8,2803200,5441,-811,3861,1610519447474
8,3736464,387752,1290,933692,1849792,16747672,3989304,12758368,8,2803200,5454,-811,3861,1610519447579
8,3736464,387752,1290,933692,1849792,16769824,3989144,12780680,8,2803200,5466,-811,3861,1610519447683
8,3736464,388000,1290,933692,1849792,16741528,4431448,12310080,8,2803200,5479,-811,3861,1610519447787
8,3736464,389364,1291,933692,1849792,16664944,5546648,11118296,8,2803200,5492,-811,3861,1610519447892
8,3736464,391968,1294,933692,1849792,16475208,7464328,9010880,8,2803200,5505,-811,3861,1610519447996
8,3736464,393952,1296,933692,1849792,16381504,10103272,6278232,8,2803200,5517,-811,3861,1610519448100
8,3736464,384156,1286,933692,1849792,16420888,208896,16211992,8,2803200,5530,-811,3861,1610519448204
8,3736464,390604,1293,933692,1849792,16394432,6647808,9746624,8,2803200,5543,-811,3861,1610519448308
8,3736464,396020,1298,933692,1849792,16394432,12410712,3983720,8,2803200,5556,-811,3861,1610519448414
8,3736464,388404,1290,933692,1849792,16963944,4936616,12027328,8,2803200,5568,-811,3861,1610519448518
8,3736464,384188,1286,933692,1849792,16359208,94208,16265000,8,2803200,5580,-811,3861,1610519448621
8,3736464,393860,1296,933692,1849792,16055504,9515008,6540496,8,2803200,5592,-811,3861,1610519448725
8,3736464,390140,1292,933692,1849792,16055504,5807432,10248072,8,2803200,5604,-811,3861,1610519448830
8,3736464,389520,1292,933692,1849792,16061712,5074944,10986768,8,2803200,5615,-816,3861,1610519448935
8,3736464,390264,1292,933692,1849792,16061712,5864808,10196904,8,2803200,5628,-816,3861,1610519449039
8,3736464,393984,1296,933692,1849792,15892784,9433088,6459696,8,2803200,5640,-816,3861,1610519449143
8,3736464,386544,1289,933692,1849792,15892784,1789952,14102832,8,2803200,5650,-816,3861,1610519449247
8,3736464,393552,1296,933692,1849792,15892784,9052896,6839888,8,2803200,5662,-816,3861,1610519449351
8,3736464,390328,1292,933692,1849792,15892784,5751520,10141264,8,2803200,5672,-816,3861,1610519449455
8,3736464,389088,1291,933692,1849792,15892784,4334304,11558480,8,2803200,5683,-816,3861,1610519449559
8,3736464,388592,1291,933692,1849792,15892784,3916512,11976272,8,2803200,5693,-816,3861,1610519449663
9,3736464,393584,1295,933720,1849792,22150016,0,22150016,8,2803200,5706,-223,3861,1610519454261
9,3736464,410968,1312,933720,1849792,17145736,3947704,13198032,8,2803200,5718,-223,3861,1610519454366
9,3736464,406352,1308,933720,1849792,17164480,0,17164480,8,2803200,5732,-223,3861,1610519454471
9,3736464,417616,1319,933720,1849792,17718328,12369920,5348408,8,2803200,5747,-223,3861,1610519454577
9,3736464,413512,1315,933720,1849792,17131104,6806776,10324328,8,2803200,5760,-223,3861,1610519454681
9,3736464,412664,1314,933720,1849792,17012520,5713920,11298600,8,2803200,5774,-783,3861,1610519454785
9,3736464,409180,1311,933720,1849792,17133072,3042792,14090280,8,2803200,5787,-783,3861,1610519454891
9,3736464,409416,1311,933720,1849792,17046376,2322432,14723944,8,2803200,5801,-783,3861,1610519454995
9,3736464,406924,1308,933720,1849792,17150144,525336,16624808,8,2803200,5814,-783,3861,1610519455100
9,3736464,408896,1310,933720,1849792,16947976,2469888,14478088,8,2803200,5827,-783,3861,1610519455204
9,3736464,410900,1312,933720,1849792,17150080,4284120,12865960,8,2803200,5842,-783,3861,1610519455309
9,3736464,414980,1316,933720,1849792,17128248,7680000,9448248,8,2803200,5855,-783,3861,1610519455414
9,3736464,414896,1316,933720,1849792,16969488,8191096,8778392,8,2803200,5869,-783,3861,1610519455518
9,3736464,404224,1306,933720,1849792,19275552,0,19275552,8,2803200,5882,-783,3861,1610519455621
9,3736464,411156,1313,933720,1849792,16984800,3616768,13368032,8,2803200,5896,-783,3861,1610519455727
9,3736464,413376,1315,933720,1849792,17105048,6804472,10300576,8,2803200,5909,-783,3861,1610519455832
9,3736464,418488,1320,933720,1849792,16851520,12020016,4831504,8,2803200,5923,-783,3861,1610519455937
9,3736464,408396,1310,933720,1849792,16776280,1208320,15567960,8,2803200,5936,-783,3861,1610519456041
9,3736464,413496,1315,933720,1849792,17125632,6402312,10723320,8,2803200,5949,-783,3861,1610519456146
9,3736464,404344,1305,933720,1849792,19353904,0,19353904,8,2803200,5964,-801,3861,1610519456250
9,3736464,411616,1313,933720,1849792,16732000,4304896,12427104,8,2803200,5977,-801,3861,1610519456359
9,3736464,417992,1319,933724,1849792,17049080,11144504,5904576,8,2803200,5990,-801,3861,1610519456463
9,3736464,409108,1311,933724,1849792,16794816,2590152,14204664,8,2803200,6002,-801,3861,1610519456567
9,3736464,418672,1320,933724,1849792,16784760,12120064,4664696,8,2803200,6017,-801,3861,1610519456673
9,3736464,412880,1315,933724,1849792,16691456,5713920,10977536,8,2803200,6029,-801,3861,1610519456777
9,3736464,406444,1308,933724,1849792,16794920,28656,16766264,8,2803200,6042,-801,3861,1610519456881
9,3736464,415760,1317,933724,1849792,16688816,9220296,7468520,8,2803200,6055,-801,3861,1610519456985
9,3736464,410388,1312,933724,1849792,16742904,3993448,12749456,8,2803200,6068,-801,3861,1610519457090
9,3736464,406428,1308,933724,1849792,17115896,0,17115896,8,2803200,6081,-801,3861,1610519457194
9,3736464,404116,1306,933724,1849792,20086640,0,20086640,8,2803200,6095,-801,3861,1610519457298
9,3736464,414860,1316,933724,1849792,19348208,11100072,8248136,8,2803200,6110,-801,3861,1610519457403
9,3736464,416108,1317,933724,1849792,16782376,9756600,7025776,8,2803200,6122,-801,3861,1610519457507
9,3736464,415160,1317,933724,1849792,16493472,8478488,8014984,8,2803200,6136,-801,3861,1610519457611
9,3736464,415080,1316,933724,1849792,16711624,8543816,8167808,8,2803200,6148,-833,3861,1610519457715
9,3736464,415496,1317,933724,1849792,16405760,7971400,8434360,8,2803200,6161,-833,3861,1610519457820
9,3736464,415788,1317,933724,1849792,16444216,9102232,7341984,8,2803200,6174,-833,3861,1610519457925
9,3736464,418312,1320,933724,1849792,16482256,11626856,4855400,8,2803200,6187,-833,3861,1610519458030
9,3736464,407360,1309,933724,1849792,16423512,339968,16083544,8,2803200,6199,-833,3861,1610519458134
9,3736464,411992,1313,933724,1849792,16412592,4911104,11501488,8,2803200,6212,-833,3861,1610519458238
9,3736464,417088,1319,933724,1849792,16383432,10268672,6114760,8,2803200,6224,-833,3861,1610519458343
9,3736464,408028,1310,933724,1849792,16383432,1061496,15321936,8,2803200,6235,-833,3861,1610519458447
9,3736464,415636,1317,933724,1849792,16361864,8818504,7543360,8,2803200,6249,-833,3861,1610519458552
9,3736464,411628,1313,933724,1849792,16369568,4616192,11753376,8,2803200,6261,-833,3861,1610519458656
9,3736464,407620,1309,933724,1849792,16369568,661160,15708408,8,2803200,6273,-833,3861,1610519458760
9,3736464,407456,1309,933724,1849792,16016096,225248,15790848,8,2803200,6285,-833,3861,1610519458864
9,3736464,407540,1309,933724,1849792,16016096,189720,15826376,8,2803200,6296,-833,3861,1610519458968
9,3736464,412832,1314,933724,1849792,16030048,5533696,10496352,8,2803200,6310,-833,3861,1610519459072
9,3736464,418092,1320,933724,1849792,16030048,11069528,4960520,8,2803200,6321,-815,3861,1610519459176
9,3736464,412884,1315,933724,1849792,16030048,5785688,10244360,8,2803200,6332,-815,3861,1610519459280
9,3736464,410156,1312,933724,1849792,16030048,2975832,13054216,8,2803200,6342,-815,3861,1610519459384
9,3736464,409164,1311,933724,1849792,16030048,1755224,14274824,8,2803200,6353,-815,3861,1610519459488
9,3736464,408916,1311,933724,1849792,16030048,1370200,14659848,8,2803200,6363,-815,3861,1610519459592
10,3736464,403460,1305,933732,1849792,20095368,0,20095368,8,2803200,6373,-222,3861,1610519464264
10,3736464,408452,1310,933732,1849792,18219168,2043904,16175264,8,2803200,6387,-222,3861,1610519464369
10,3736464,403032,1305,933732,1849792,20036632,0,20036632,8,2803200,6401,-222,3861,1610519464473
10,3736464,413520,1315,933732,1849792,22781008,13200736,9580272,8,2803200,6415,-222,3861,1610519464577
10,3736464,417420,1319,933732,1849792,17956240,12919712,5036528,8,2803200,6430,-222,3861,1610519464683
10,3736464,414928,1316,933732,1849792,17507512,10012408,7495104,8,2803200,6443,-222,3861,1610519464787
10,3736464,417016,1319,933732,1849792,21648216,0,21648216,8,2803200,6457,-222,3861,1610519464892
10,3736464,418132,1319,933732,1849792,17394376,13113672,4280704,8,2803200,6470,-222,3861,1610519464998
10,3736464,401688,1315,933732,1849792,21021576,0,21021576,8,2803200,6485,-791,3861,1610519465103
10,3736464,404580,1306,933732,1849792,17809016,0,17809016,8,2803200,6497,-791,3861,1610519465210
10,3736464,406568,1308,933732,1849792,17469648,1483912,15985736,8,2803200,6510,-791,3861,1610519465313
10,3736464,411504,1313,933732,1849792,17641512,6025216,11616296,8,2803200,6524,-791,3861,1610519465417
10,3736464,411812,1313,933732,1849792,17450192,6996312,10453880,8,2803200,6538,-791,3861,1610519465521
10,3736464,416968,1318,933732,1849792,17611896,12500992,5110904,8,2803200,6552,-791,3861,1610519465625
10,3736464,405112,1307,933732,1849792,17481872,45056,17436816,8,2803200,6565,-791,3861,1610519465730
10,3736464,408804,1310,933732,1849792,17719960,4085336,13634624,8,2803200,6579,-791,3861,1610519465834
10,3736464,416612,1318,933732,1849792,21508232,0,21508232,8,2803200,6593,-791,3861,1610519465940
10,3736464,409084,1311,933732,1849792,17569016,3665920,13903096,8,2803200,6606,-791,3861,1610519466045
10,3736464,415156,1316,933732,1849792,17476192,10449576,7026616,8,2803200,6620,-791,3861,1610519466149
10,3736464,405940,1308,933732,1849792,17353848,714456,16639392,8,2803200,6632,-791,3861,1610519466253
10,3736464,416112,1317,933732,1849792,17066496,10530816,6535680,8,2803200,6646,-791,3861,1610519466357
10,3736464,405712,1307,933732,1849792,17072472,1142784,15929688,8,2803200,6659,-791,3861,1610519466462
10,3736464,414476,1316,933732,1849792,17355568,9946432,7409136,8,2803200,6672,-798,3861,1610519466565
10,3736464,407824,1309,933732,1849792,17363984,2720488,14643496,8,2803200,6686,-798,3861,1610519466670
10,3736464,402660,1304,933732,1849792,19139744,0,19139744,8,2803200,6699,-798,3861,1610519466774
10,3736464,416880,1318,933732,1849792,17212480,12152832,5059648,8,2803200,6713,-798,3861,1610519466879
10,3736464,411388,1313,933732,1849792,17087448,6467584,10619864,8,2803200,6726,-798,3861,1610519466983
10,3736464,406596,1308,933732,1849792,16845936,1224704,15621232,8,2803200,6739,-798,3861,1610519467088
10,3736464,417512,1319,933732,1849792,16851592,11904568,4947024,8,2803200,6752,-798,3861,1610519467191
10,3736464,415204,1317,933732,1849792,17056304,9511688,7544616,8,2803200,6765,-798,3861,1610519467295
10,3736464,412552,1314,933732,1849792,17062488,7414344,9648144,8,2803200,6778,-798,3861,1610519467401
10,3736464,412596,1314,933732,1849792,17132544,6889736,10242808,8,2803200,6791,-798,3861,1610519467505
10,3736464,411276,1313,933740,1849792,16992072,6037112,10954960,8,2803200,6804,-798,3861,1610519467611
10,3736464,411940,1314,933740,1849792,17094768,6331992,10762776,8,2803200,6817,-798,3861,1610519467714
10,3736464,412480,1314,933740,1849792,17002424,7414152,9588272,8,2803200,6830,-798,3861,1610519467818
10,3736464,414756,1316,933740,1849792,16550112,8725432,7824680,8,2803200,6842,-798,3861,1610519467922
10,3736464,416164,1318,933740,1849792,16800456,10987640,5812816,8,2803200,6855,-817,3861,1610519468026
10,3736464,405832,1308,933740,1849792,16692688,274432,16418256,8,2803200,6868,-817,3861,1610519468131
10,3736464,410464,1312,933740,1849792,16583336,4747264,11836072,8,2803200,6880,-817,3861,1610519468235
10,3736464,417080,1319,933740,1849792,16553600,11579392,4974208,8,2803200,6894,-817,3861,1610519468339
10,3736464,408144,1310,933740,1849792,16553600,2470456,14083144,8,2803200,6905,-817,3861,1610519468443
10,3736464,415752,1317,933740,1849792,16451248,10210104,6241144,8,2803200,6919,-817,3861,1610519468548
10,3736464,411372,1313,933740,1849792,16426360,5517312,10909048,8,2803200,6931,-817,3861,1610519468652
10,3736464,407240,1309,933740,1849792,16426360,1496456,14929904,8,2803200,6942,-817,3861,1610519468756
10,3736464,406212,1308,933740,1849792,16189584,372736,15816848,8,2803200,6954,-817,3861,1610519468860
10,3736464,406544,1308,933740,1849792,16189584,353192,15836392,8,2803200,6966,-817,3861,1610519468965
10,3736464,410348,1312,933740,1849792,15841040,3878912,11962128,8,2803200,6978,-817,3861,1610519469070
10,3736464,414896,1317,933740,1849792,15841040,8954760,6886280,8,2803200,6989,-817,3861,1610519469173
10,3736464,410120,1312,933740,1849792,15841040,3687304,12153736,8,2803200,7000,-817,3861,1610519469277
10,3736464,407268,1309,933740,1849792,15841040,680840,15160200,8,2803200,7011,-817,3861,1610519469382
10,3736464,417924,1319,933740,1849792,15531008,11530240,4000768,8,2803200,7022,-830,3861,1610519469486
10,3736464,417676,1319,933740,1849792,15531008,11063296,4467712,8,2803200,7034,-830,3861,1610519469589
11,3736464,418320,1320,933748,1849792,15531008,5906304,9624704,8,2169600,7040,-240,3848,1610519474257
11,3736464,412672,1314,933748,1849792,17583192,3508376,14074816,8,2803200,7054,-240,3848,1610519474362
11,3736464,409796,1311,933748,1849792,17832256,0,17832256,8,2803200,7068,-240,3848,1610519474465
11,3736464,407392,1309,933748,1849792,20309696,0,20309696,8,2803200,7081,-240,3848,1610519474570
11,3736464,410096,1312,933748,1849792,17603408,405504,17197904,8,2803200,7095,-240,3848,1610519474675
11,3736464,408680,1310,933748,1849792,19344144,0,19344144,8,2803200,7109,-240,3848,1610519474780
11,3736464,411896,1313,933748,1849792,17704992,1241088,16463904,8,2803200,7122,-240,3848,1610519474884
11,3736464,409588,1311,933748,1849792,18521664,0,18521664,8,2803200,7136,-240,3848,1610519474988
11,3736464,420920,1322,933748,1849792,17346976,10514432,6832544,8,2803200,7151,-240,3848,1610519475093
11,3736464,419356,1321,933748,1849792,17483896,9303320,8180576,8,2803200,7164,-240,3848,1610519475197
11,3736464,419124,1321,933748,1849792,20660488,0,20660488,8,2803200,7178,-788,3848,1610519475301
11,3736464,410132,1312,933748,1849792,17684536,0,17684536,8,2803200,7192,-788,3848,1610519475405
11,3736464,410800,1312,933748,1849792,17361376,230664,17130712,8,2803200,7204,-788,3848,1610519475510
11,3736464,413824,1315,933748,1849792,17040712,3223552,13817160,8,2803200,7219,-788,3848,1610519475616
11,3736464,415484,1317,933748,1849792,17045872,4778008,12267864,8,2803200,7232,-788,3848,1610519475720
11,3736464,421484,1322,933748,1849792,17318328,10743808,6574520,8,2803200,7246,-788,3848,1610519475824
11,3736464,421500,1323,933756,1849792,17819520,0,17819520,8,2803200,7259,-788,3848,1610519475929
11,3736464,411676,1313,933756,1849792,17299336,1294120,16005216,8,2803200,7272,-788,3848,1610519476033
11,3736464,418668,1320,933756,1849792,17257296,8269824,8987472,8,2803200,7286,-788,3848,1610519476137
11,3736464,421044,1323,933756,1849792,17905416,0,17905416,8,2803200,7299,-788,3848,1610519476241
11,3736464,414740,1316,933756,1849792,17009312,4889128,12120184,8,2803200,7312,-788,3848,1610519476346
11,3736464,407696,1310,933756,1849792,19157280,0,19157280,8,2803200,7326,-788,3848,1610519476450
11,3736464,417664,1319,933756,1849792,17284032,7942144,9341888,8,2803200,7339,-788,3848,1610519476555
11,3736464,410752,1312,933756,1849792,17075944,667648,16408296,8,2803200,7352,-788,3848,1610519476660
11,3736464,419852,1321,933756,1849792,17015424,9894536,7120888,8,2803200,7366,-810,3848,1610519476764
11,3736464,414056,1315,933756,1849792,17106136,4371272,12734864,8,2803200,7379,-810,3848,1610519476868
11,3736464,409748,1311,933756,1849792,17245848,0,17245848,8,2803200,7392,-810,3848,1610519476972
11,3736464,419576,1322,933756,1849792,19709392,0,19709392,8,2803200,7406,-810,3848,1610519477076
11,3736464,420056,1321,933756,1849792,16730096,9629696,7100400,8,2803200,7419,-810,3848,1610519477186
11,3736464,415252,1317,933756,1849792,16833560,5419008,11414552,8,2803200,7432,-810,3848,1610519477291
11,3736464,412768,1314,933756,1849792,16969920,2797568,14172352,8,2803200,7444,-810,3848,1610519477395
11,3736464,410816,1312,933756,1849792,16959448,946176,16013272,8,2803200,7457,-810,3848,1610519477500
11,3736464,410228,1312,933756,1849792,16768768,143360,16625408,8,2803200,7470,-810,3848,1610519477603
11,3736464,410756,1312,933756,1849792,16498968,307200,16191768,8,2803200,7483,-810,3848,1610519477708
11,3736464,415624,1317,933756,1849792,17042208,6025216,11016992,8,2803200,7498,-810,3848,1610519477812
11,3736464,417640,1319,933756,1849792,16474456,7483392,8991064,8,2803200,7510,-810,3848,1610519477916
11,3736464,419780,1321,933756,1849792,16463856,9629696,6834160,8,2803200,7524,-810,3848,1610519478020
11,3736464,421912,1324,933756,1849792,16463856,12425576,4038280,8,2803200,7536,-810,3848,1610519478126
11,3736464,410736,1312,933756,1849792,16670344,766792,15903552,8,2803200,7548,-818,3848,1610519478230
11,3736464,416576,1318,933756,1849792,16562072,6502680,10059392,8,2803200,7561,-818,3848,1610519478334
11,3736464,410132,1312,933756,1849792,16518224,12288,16505936,8,2803200,7574,-818,3848,1610519478438
11,3736464,417852,1319,933756,1849792,16395448,7663616,8731832,8,2803200,7586,-818,3848,1610519478542
11,3736464,412908,1315,933756,1849792,16395448,2623544,13771904,8,2803200,7597,-818,3848,1610519478646
11,3736464,410568,1312,933756,1849792,16157496,110592,16046904,8,2803200,7609,-818,3848,1610519478750
11,3736464,410168,1312,933756,1849792,16515952,0,16515952,8,2803200,7623,-818,3848,1610519478853
11,3736464,410804,1312,933756,1849792,16549696,372736,16176960,8,2803200,7635,-818,3848,1610519478957
11,3736464,413052,1315,933756,1849792,16549696,2818600,13731096,8,2803200,7646,-818,3848,1610519479061
11,3736464,418772,1320,933756,1849792,15753048,7712768,8040280,8,2803200,7658,-818,3848,1610519479165
11,3736464,413068,1315,933756,1849792,15753048,1888256,13864792,8,2803200,7669,-818,3848,1610519479269
11,3736464,421408,1323,933756,1849792,15753048,10548016,5205032,8,2803200,7680,-818,3848,1610519479373
11,3736464,419796,1321,933756,1849792,15753048,8704816,7048232,8,2803200,7690,-818,3848,1610519479476
11,3736464,419300,1321,933756,1849792,15753048,8172336,7580712,8,2803200,7702,-818,3848,1610519479580
12,3736464,414448,1316,933760,1849792,15753048,3146416,12606632,8,2803200,7709,-239,3848,1610519484273
12,3736464,412512,1313,933760,1849792,17531296,2207744,15323552,8,2803200,7724,-239,3848,1610519484378
12,3736464,406732,1309,933760,1849792,20101544,0,20101544,8,2803200,7738,-239,3848,1610519484483
12,3736464,410608,1312,933760,1849792,17635368,733184,16902184,8,2803200,7751,-239,3848,1610519484586
12,3736464,408424,1310,933760,1849792,18450952,0,18450952,8,2803200,7765,-239,3848,1610519484691
12,3736464,421756,1323,933760,1849792,18473416,13489616,4983800,8,2803200,7780,-239,3848,1610519484795
12,3736464,421044,1322,933760,1849792,17437776,11219304,6218472,8,2803200,7793,-239,3848,1610519484899
12,3736464,421420,1323,933760,1849792,17168488,12281776,4886712,8,2803200,7807,-239,3848,1610519485004
12,3736464,421512,1323,933760,1849792,17045536,12323048,4722488,8,2803200,7821,-239,3848,1610519485108
12,3736464,406168,1308,933760,1849792,20119984,0,20119984,8,2803200,7834,-239,3848,1610519485211
12,3736464,409564,1311,933760,1849792,17524784,0,17524784,8,2803200,7847,-239,3848,1610519485315
12,3736464,414864,1316,933760,1849792,17365848,5002376,12363472,8,2803200,7861,-239,3848,1610519485420
12,3736464,419580,1321,933760,1849792,17143952,10088448,7055504,8,2803200,7875,-239,3848,1610519485524
12,3736464,420824,1322,933760,1849792,17165240,11613640,5551600,8,2803200,7889,-798,3848,1610519485628
12,3736464,407228,1309,933760,1849792,19440616,0,19440616,8,2803200,7902,-798,3848,1610519485732
12,3736464,415912,1317,933760,1849792,17115880,5795840,11320040,8,2803200,7915,-798,3848,1610519485836
12,3736464,420380,1321,933760,1849792,16990528,10324488,6666040,8,2803200,7929,-798,3848,1610519485941
12,3736464,408272,1310,933760,1849792,18636496,0,18636496,8,2803200,7942,-798,3848,1610519486045
12,3736464,418320,1320,933760,1849792,17087536,8286208,8801328,8,2803200,7956,-798,3848,1610519486148
12,3736464,409560,1311,933760,1849792,16945320,61440,16883880,8,2803200,7969,-798,3848,1610519486252
12,3736464,416260,1318,933760,1849792,17019360,6708648,10310712,8,2803200,7982,-798,3848,1610519486357
12,3736464,408920,1310,933760,1849792,18215632,0,18215632,8,2803200,7995,-798,3848,1610519486461
12,3736464,421448,1323,933760,1849792,17179664,11841536,5338128,8,2803200,8010,-798,3848,1610519486565
12,3736464,414672,1316,933760,1849792,17119176,5025792,12093384,8,2803200,8023,-798,3848,1610519486669
12,3736464,409012,1323,933760,1849792,17505008,0,17505008,8,2803200,8036,-798,3848,1610519486773
12,3736464,417808,1319,933760,1849792,17149112,8238424,8910688,8,2803200,8049,-798,3848,1610519486882
12,3736464,412352,1314,933760,1849792,17154096,2634216,14519880,8,2803200,8062,-798,3848,1610519486986
12,3736464,407888,1310,933760,1849792,18262096,0,18262096,8,2803200,8076,-838,3848,1610519487090
12,3736464,406276,1308,933760,1849792,19659216,0,19659216,8,2803200,8089,-838,3848,1610519487193
12,3736464,421232,1323,933760,1849792,17682480,13269848,4412632,8,2803200,8102,-838,3848,1610519487297
12,3736464,418668,1320,933760,1849792,16735216,9285632,7449584,8,2803200,8115,-838,3848,1610519487402
12,3736464,416436,1318,933760,1849792,16822712,7073792,9748920,8,2803200,8128,-838,3848,1610519487507
12,3736464,415940,1317,933760,1849792,16713824,5894144,10819680,8,2803200,8141,-838,3848,1610519487611
12,3736464,414576,1316,933760,1849792,16702600,4911104,11791496,8,2803200,8153,-838,3848,1610519487715
12,3736464,414948,1316,933760,1849792,16741136,5402624,11338512,8,2803200,8166,-838,3848,1610519487819
12,3736464,416808,1318,933760,1849792,16680344,6549504,10130840,8,2803200,8179,-838,3848,1610519487923
12,3736464,418940,1320,933760,1849792,16343008,9351168,6991840,8,2803200,8192,-838,3848,1610519488028
12,3736464,421388,1323,933760,1849792,16888536,12283904,4604632,8,2803200,8205,-838,3848,1610519488132
12,3736464,409924,1312,933760,1849792,16888536,287400,16601136,8,2803200,8216,-838,3848,1610519488237
12,3736464,416932,1318,933760,1849792,16391672,6518152,9873520,8,2803200,8229,-838,3848,1610519488341
12,3736464,409556,1311,933760,1849792,16663904,0,16663904,8,2803200,8243,-838,3848,1610519488445
12,3736464,416500,1318,933760,1849792,16372696,6565888,9806808,8,2803200,8255,-819,3848,1610519488551
12,3736464,409680,1311,933760,1849792,16652016,0,16652016,8,2803200,8266,-819,3848,1610519488655
12,3736464,421956,1323,933760,1849792,16396888,12411656,3985232,8,2803200,8280,-819,3848,1610519488759
12,3736464,420096,1322,933760,1849792,16045432,9875456,6169976,8,2803200,8292,-819,3848,1610519488864
12,3736464,418732,1320,933760,1849792,16045432,8615544,7429888,8,2803200,8303,-819,3848,1610519488968
12,3736464,420592,1322,933760,1849792,15890648,10350592,5540056,8,2803200,8316,-819,3848,1610519489071
12,3736464,411664,1313,933760,1849792,15890648,970752,14919896,8,2803200,8326,-819,3848,1610519489175
12,3736464,416872,1318,933760,1849792,15890648,6673776,9216872,8,2803200,8338,-819,3848,1610519489280
12,3736464,412500,1314,933760,1849792,15890648,2258288,13632360,8,2803200,8348,-819,3848,1610519489384
12,3736464,422728,1324,933760,1849792,15466728,12300288,3166440,8,2803200,8361,-819,3848,1610519489488
12,3736464,421736,1323,933760,1849792,15466728,11112448,4354280,8,2803200,8371,-819,3848,1610519489591
13,3736464,416916,1318,933764,1849792,15466728,5775232,9691496,8,2803200,8383,-225,3848,1610519494278
13,3736464,408312,1310,933764,1849792,17599720,18584,17581136,8,2803200,8396,-513,3848,1610519494383
13,3736464,414936,1321,933764,1849792,18733704,0,18733704,8,2803200,8411,-513,3848,1610519494487
13,3736464,419968,1321,933764,1849792,17399728,11497472,5902256,8,2803200,8424,-513,3848,1610519494591
13,3736464,414636,1316,933764,1849792,17078680,5431992,11646688,8,2803200,8437,-513,3848,1610519494695
13,3736464,412652,1314,933764,1849792,17468368,4059136,13409232,8,2803200,8451,-513,3848,1610519494800
13,3736464,411040,1312,933764,1849792,17458024,1896760,15561264,8,2803200,8465,-513,3848,1610519494904
13,3736464,412280,1314,933764,1849792,17420480,3239936,14180544,8,2803200,8479,-513,3848,1610519495008
13,3736464,411412,1313,933764,1849792,17360776,3065944,14294832,8,2803200,8492,-513,3848,1610519495113
13,3736464,416496,1318,933764,1849792,17273472,7270400,10003072,8,2803200,8506,-513,3848,1610519495217
13,3736464,415752,1317,933764,1849792,17426232,6857320,10568912,8,2803200,8519,-513,3848,1610519495321
13,3736464,420460,1322,933764,1849792,17289920,11661312,5628608,8,2803200,8533,-513,3848,1610519495425
13,3736464,420836,1322,933764,1849792,17262392,12631688,4630704,8,2803200,8546,-513,3848,1610519495529
13,3736464,407444,1309,933764,1849792,18420232,0,18420232,8,2803200,8559,-513,3848,1610519495633
13,3736464,414388,1316,933764,1849792,17359960,5795840,11564120,8,2803200,8573,-513,3848,1610519495738
13,3736464,417736,1319,933764,1849792,17037616,8607032,8430584,8,2803200,8586,-796,3848,1610519495843
13,3736464,406204,1308,933764,1849792,19419696,0,19419696,8,2803200,8599,-796,3848,1610519495946
13,3736464,415628,1317,933764,1849792,17299072,6549504,10749568,8,2803200,8613,-796,3848,1610519496051
13,3736464,420836,1322,933764,1849792,17091592,11776312,5315280,8,2803200,8627,-796,3848,1610519496155
13,3736464,410544,1312,933764,1849792,17378800,2270680,15108120,8,2803200,8640,-796,3848,1610519496259
13,3736464,420088,1321,933764,1849792,17619560,12419072,5200488,8,2803200,8654,-796,3848,1610519496363
13,3736464,413212,1315,933764,1849792,17014768,3895296,13119472,8,2803200,8666,-796,3848,1610519496467
13,3736464,420528,1322,933764,1849792,17036616,12289400,4747216,8,2803200,8680,-796,3848,1610519496572
13,3736464,413708,1315,933764,1849792,17044688,5210808,11833880,8,2803200,8692,-796,3848,1610519496677
13,3736464,407260,1309,933764,1849792,18312880,0,18312880,8,2803200,8708,-796,3848,1610519496781
13,3736464,416180,1318,933764,1849792,17237040,7811072,9425968,8,2803200,8721,-796,3848,1610519496894
13,3736464,412220,1314,933764,1849792,16799864,2748416,14051448,8,2803200,8734,-796,3848,1610519496999
13,3736464,408252,1310,933764,1849792,17382080,0,17382080,8,2803200,8748,-796,3848,1610519497102
13,3736464,417772,1319,933764,1849792,16748312,9070200,7678112,8,2803200,8761,-796,3848,1610519497208
13,3736464,415072,1316,933764,1849792,17031488,6529864,10501624,8,2803200,8773,-811,3848,1610519497313
13,3736464,413276,1315,933764,1849792,17020264,4022872,12997392,8,2803200,8786,-811,3848,1610519497417
13,3736464,411292,1313,933764,1849792,17058400,2728184,14330216,8,2803200,8799,-811,3848,1610519497520
13,3736464,411168,1313,933764,1849792,16818760,1580696,15238064,8,2803200,8811,-811,3848,1610519497624
13,3736464,410480,1312,933764,1849792,17054336,1777256,15277080,8,2803200,8825,-811,3848,1610519497729
13,3736464,410812,1312,933764,1849792,16944408,2056568,14887840,8,2803200,8837,-811,3848,1610519497833
13,3736464,413060,1315,933764,1849792,16966880,4465368,12501512,8,2803200,8850,-811,3848,1610519497937
13,3736464,415320,1317,933764,1849792,16529848,6367448,10162400,8,2803200,8863,-811,3848,1610519498042
13,3736464,419352,1321,933764,1849792,16519776,9662424,6857352,8,2803200,8875,-811,3848,1610519498146
13,3736464,409308,1311,933764,1849792,16575352,159744,16415608,8,2803200,8888,-811,3848,1610519498249
13,3736464,419600,1321,933764,1849792,16632416,10104832,6527584,8,2803200,8902,-811,3848,1610519498354
13,3736464,410764,1312,933764,1849792,16632416,1422216,15210200,8,2803200,8915,-811,3848,1610519498459
13,3736464,418620,1320,933764,1849792,16542624,9327000,7215624,8,2803200,8927,-811,3848,1610519498564
13,3736464,414992,1316,933764,1849792,16171832,4993024,11178808,8,2803200,8940,-811,3848,1610519498668
13,3736464,411460,1313,933764,1849792,16171832,1612632,14559200,8,2803200,8951,-826,3848,1610519498772
13,3736464,411308,1313,933764,1849792,16130472,1142784,14987688,8,2803200,8962,-826,3848,1610519498876
13,3736464,411704,1313,933764,1849792,16130472,2014248,14116224,8,2803200,8974,-826,3848,1610519498980
13,3736464,416060,1318,933764,1849792,15762280,5861376,9900904,8,2803200,8986,-826,3848,1610519499084
13,3736464,421460,1323,933764,1849792,15762280,11546088,4216192,8,2803200,8998,-826,3848,1610519499188
13,3736464,416500,1318,933764,1849792,15762280,6508008,9254272,8,2803200,9008,-826,3848,1610519499292
13,3736464,414300,1316,933768,1849792,15762280,3878376,11883904,8,2803200,9018,-826,3848,1610519499396
13,3736464,413216,1315,933768,1849792,15762280,2772456,12989824,8,2803200,9029,-826,3848,1610519499500
13,3736464,412936,1315,933768,1849792,15762280,2420200,13342080,8,2803200,9040,-826,3848,1610519499603
1,3736464,386880,1290,934480,1849792,17817760,9190656,8627104,8,2803200,58,320,4010,1610519598776
1,3736464,387452,1292,934480,1849792,19879288,0,19879288,8,2803200,74,320,4010,1610519598892
1,3736464,375628,1279,934480,1849792,19262288,0,19262288,8,2803200,87,320,4010,1610519599001
1,3736464,389564,1292,934480,1849792,17535168,0,17535168,8,2803200,102,320,4010,1610519599110
1,3736464,375836,1279,934480,1849792,18937424,0,18937424,8,2803200,115,320,4010,1610519599217
1,3736464,380848,1284,934480,1849792,16617072,2256896,14360176,8,2803200,128,320,4010,1610519599323
1,3736464,379808,1283,934480,1849792,16671752,1523544,15148208,8,2803200,142,320,4010,1610519599429
1,3736464,382652,1285,934480,1849792,16781264,4435968,12345296,8,2803200,156,320,4010,1610519599536
1,3736464,384592,1287,934496,1849792,16770360,6281144,10489216,8,2803200,169,320,4010,1610519599642
1,3736464,389444,1291,934496,1849792,16912384,11268096,5644288,8,2803200,184,320,4010,1610519599749
1,3736464,376672,1280,934496,1849792,16688216,159744,16528472,8,2803200,198,320,4010,1610519599856
1,3736464,382500,1285,934496,1849792,16893160,5350936,11542224,8,2803200,212,-221,4010,1610519599962
1,3736464,388684,1291,934496,1849792,16556400,11563008,4993392,8,2803200,226,-221,4010,1610519600067
1,3736464,377060,1280,934500,1849792,16794856,0,16794856,8,2400000,239,-221,4010,1610519600174
1,3736464,384204,1287,934500,1849792,16978592,6798104,10180488,8,2803200,253,-221,4010,1610519600281
1,3736464,375384,1278,934500,1849792,18413744,0,18413744,8,1996800,267,-221,4010,1610519600387
1,3736464,386932,1289,934504,1849792,16679408,9515008,7164400,8,2803200,281,-221,4010,1610519600499
1,3736464,380484,1283,934504,1849792,16652248,1306624,15345624,8,2803200,294,-221,4010,1610519600606
1,3736464,388468,1291,934508,1849792,16690224,9652520,7037704,8,2803200,308,-221,4010,1610519600713
1,3736464,381896,1285,934508,1849792,16731032,2769144,13961888,8,2803200,321,-221,4010,1610519600818
1,3736464,376688,1280,934508,1849792,18277624,0,18277624,8,2803200,334,-221,4010,1610519600924
1,3736464,390408,1293,934508,1849792,16861896,12386304,4475592,8,2803200,349,-221,4010,1610519601031
1,3736464,386188,1289,934508,1849792,16715376,8138752,8576624,8,2803200,362,-221,4010,1610519601137
1,3736464,383584,1286,934508,1849792,16704208,4747264,11956944,8,2803200,375,-221,4010,1610519601243
1,3736464,381556,1284,934508,1849792,16643752,2420736,14223016,8,2803200,388,-221,4010,1610519601349
1,3736464,378456,1281,934508,1849792,16615824,77824,16538000,8,2803200,401,-208,4010,1610519601456
1,3736464,378208,1281,934508,1849792,16705832,12288,16693544,8,2803200,414,-208,4010,1610519601561
1,3736464,378084,1281,934508,1849792,16698336,0,16698336,8,2803200,428,-208,4010,1610519601666
1,3736464,377836,1281,934512,1849792,16703112,0,16703112,8,2803200,440,-208,4010,1610519601772
1,3736464,379184,1282,934512,1849792,16704448,1044480,15659968,8,2803200,454,-208,4010,1610519601879
1,3736464,380548,1283,934512,1849792,16640456,2387968,14252488,8,2803200,467,-208,4010,1610519601985
1,3736464,381788,1285,934512,1849792,16596064,3764224,12831840,8,2803200,480,-208,4010,1610519602090
1,3736464,383572,1286,934512,1849792,16650232,5517312,11132920,8,2803200,492,-208,4010,1610519602195
1,3736464,386208,1289,934516,1849792,16606176,8056832,8549344,8,2803200,506,-208,4010,1610519602301
1,3736464,389400,1292,934516,1849792,16349640,11087872,5261768,8,2803200,518,-208,4010,1610519602406
1,3736464,377372,1281,934516,1849792,16983216,0,16983216,8,2803200,531,-208,4010,1610519602512
1,3736464,382208,1285,934516,1849792,17001296,4600728,12400568,8,2803200,544,-208,4010,1610519602617
1,3736464,388904,1291,934516,1849792,16314000,10624840,5689160,8,2803200,557,-208,4010,1610519602723
1,3736464,380348,1283,934516,1849792,16352040,1961984,14390056,8,2803200,569,-208,4010,1610519602830
1,3736464,387912,1291,934516,1849792,16354784,8908800,7445984,8,2803200,582,-203,4010,1610519602935
1,3736464,379356,1282,934516,1849792,16354784,856472,15498312,8,2803200,594,-203,4010,1610519603041
1,3736464,387044,1290,934520,1849792,16297136,8725272,7571864,8,2803200,607,-203,4010,1610519603146
1,3736464,381960,1285,934520,1849792,16286216,3289088,12997128,8,2803200,619,-203,4010,1610519603251
1,3736464,390568,1293,934520,1849792,16371392,12300288,4071104,8,2803200,632,-203,4010,1610519603355
1,3736464,385368,1288,934520,1849792,16371392,7085144,9286248,8,2803200,644,-203,4010,1610519603460
1,3736464,382268,1285,934520,1849792,16036016,3796992,12239024,8,2803200,656,-203,4010,1610519603565
1,3736464,378564,1282,934520,1849792,16036016,41944,15994072,8,2803200,668,-203,4010,1610519603670
1,3736464,390076,1293,934520,1849792,16271344,12334632,3936712,8,2803200,680,-203,4010,1610519603775
1,3736464,374840,1278,934520,1849792,19509704,0,19509704,8,2803200,694,-203,4010,1610519603881
1,3736464,379724,1283,934520,1849792,17678224,2912256,14765968,8,2803200,709,-203,4010,1610519603987
1,3736464,380468,1284,934524,1849792,17678224,4075928,13602296,8,2803200,720,-203,4010,1610519604092
1,3736464,383196,1286,934524,1849792,15975136,4943872,11031264,8,2803200,733,-203,4010,1610519604198
1,3736464,383956,1287,934524,1849792,15975136,5965432,10009704,8,2803200,744,-203,4010,1610519604303
1,3736464,386588,1290,934524,1849792,15933696,8482816,7450880,8,2803200,757,-200,4010,1610519604409
1,3736464,389160,1292,934524,1849792,15933696,11230456,4703240,8,2803200,768,-200,4010,1610519604514
1,3736464,379504,1283,934524,1849792,15933696,1834232,14099464,8,2803200,780,-200,4010,1610519604619
1,3736464,384724,1288,934524,1849792,15844984,6647808,9197176,8,2803200,792,-200,4010,1610519604724
1,3736464,389544,1292,934524,1849792,15844984,11746616,4098368,8,2803200,804,-200,4010,1610519604829
1,3736464,382848,1286,934524,1849792,15844984,4955448,10889536,8,2803200,814,-200,4010,1610519604934
1,3736464,390224,1293,934524,1849792,15675312,12283904,3391408,8,2803200,827,-200,4010,1610519605039
1,3736464,385280,1288,934524,1849792,15675312,7147520,8527792,8,2803200,837,-200,4010,1610519605144
1,3736464,381312,1284,934524,1849792,15675312,2994176,12681136,8,2803200,848,-200,4010,1610519605248
1,3736464,389772,1293,934524,1849792,15675312,11932232,3743080,8,2803200,859,-200,4010,1610519605353
1,3736464,386920,1290,934524,1849792,15675312,8909384,6765928,8,2803200,871,-200,4010,1610519605459
1,3736464,384688,1288,934524,1849792,15675312,6558280,9117032,8,2803200,881,-200,4010,1610519605564
1,3736464,383304,1286,934532,1849792,15675312,4813384,10861928,8,2803200,892,-200,4010,1610519605668
1,3736464,382032,1285,934532,1849792,15675312,3527240,12148072,8,2803200,903,-200,4010,1610519605774
1,3736464,381288,1284,934532,1849792,15675312,2650696,13024616,8,2803200,914,-145,4010,1610519605878
1,3736464,380760,1284,934536,1849792,15675312,2069064,13606248,8,2803200,924,-145,4010,1610519605984
1,3736464,380480,1284,934536,1849792,15675312,1716808,13958504,8,2803200,936,-145,4010,1610519606089
1,3736464,380200,1283,934536,1849792,15675312,1495624,14179688,8,2803200,946,-145,4010,1610519606194
1,3736464,380044,1283,934536,1849792,15675312,1339976,14335336,8,2803200,957,-145,4010,1610519606300
2,3736464,386820,1290,934568,1849792,20704744,0,20704744,8,1766400,973,305,4010,1610519608721
2,3736464,383424,1286,934568,1849792,17388872,7175928,10212944,8,2803200,987,202,4010,1610519608831
2,3736464,378684,1281,934568,1849792,17387536,2142208,15245328,8,2803200,1001,202,4010,1610519608937
2,3736464,373740,1277,934568,1849792,19785232,0,19785232,8,2803200,1016,202,4010,1610519609043
2,3736464,387540,1290,934568,1849792,17178080,11328888,5849192,8,2803200,1029,202,4010,1610519609147
2,3736464,384824,1287,934568,1849792,17010248,7778304,9231944,8,2803200,1043,202,4010,1610519609252
2,3736464,383296,1286,934568,1849792,16737648,5517016,11220632,8,2803200,1057,202,4010,1610519609357
2,3736464,382064,1285,934568,1849792,16765176,5009408,11755768,8,2803200,1070,202,4010,1610519609462
2,3736464,378400,1281,934580,1849792,16770816,1082968,15687848,8,2803200,1084,202,4010,1610519609567
2,3736464,379640,1283,934584,1849792,16699400,2437120,14262280,8,2803200,1098,202,4010,1610519609673
2,3736464,378696,1282,934584,1849792,16720896,1680040,15040856,8,2803200,1111,202,4010,1610519609777
2,3736464,380852,1284,934584,1849792,16846280,3747840,13098440,8,2803200,1125,202,4010,1610519609882
2,3736464,380372,1283,934584,1849792,16802176,3162216,13639960,8,2803200,1139,202,4010,1610519609988
2,3736464,374460,1278,934584,1849792,19059664,0,19059664,8,2803200,1154,202,4010,1610519610092
2,3736464,370580,1274,934584,1849792,22279744,0,22279744,8,2803200,1169,-213,4010,1610519610197
2,3736464,381088,1284,934584,1849792,16841944,4141056,12700888,8,2803200,1182,-213,4010,1610519610302
2,3736464,383328,1286,934592,1849792,16765360,6228136,10537224,8,2803200,1196,-213,4010,1610519610407
2,3736464,387792,1291,934592,1849792,16888200,11464704,5423496,8,2803200,1210,-213,4010,1610519610512
2,3736464,377128,1280,934592,1849792,16995944,0,16995944,8,2803200,1223,-213,4010,1610519610617
2,3736464,382956,1286,934592,1849792,16915280,6727352,10187928,8,2803200,1236,-213,4010,1610519610722
2,3736464,374384,1278,934592,1849792,18718848,0,18718848,8,2803200,1250,-213,4010,1610519610826
2,3736464,383792,1287,934592,1849792,17242384,7696384,9546000,8,2803200,1263,-213,4010,1610519610932
2,3736464,376600,1280,934592,1849792,16924056,0,16924056,8,2803200,1276,-213,4010,1610519611037
2,3736464,383716,1286,934592,1849792,16878928,6636056,10242872,8,2803200,1290,-213,4010,1610519611141
2,3736464,376524,1280,934592,1849792,16867464,64104,16803360,8,2803200,1303,-213,4010,1610519611246
2,3736464,381972,1291,934592,1849792,19169160,0,19169160,8,2803200,1317,-213,4010,1610519611350
2,3736464,383812,1287,934596,1849792,16879672,8400896,8478776,8,2803200,1329,-213,4010,1610519611456
2,3736464,377876,1281,934596,1849792,16835328,2355200,14480128,8,2803200,1343,-213,4010,1610519611561
2,3736464,387992,1291,934596,1849792,16791480,12510920,4280560,8,2803200,1356,-257,4010,1610519611667
2,3736464,383008,1286,934596,1849792,16521280,7463816,9057464,8,2803200,1369,-257,4010,1610519611773
2,3736464,379968,1283,934596,1849792,16837864,4596504,12241360,8,2803200,1382,-257,4010,1610519611877
2,3736464,377588,1281,934596,1849792,16794048,2023720,14770328,8,2803200,1395,-257,4010,1610519611981
2,3736464,375856,1279,934596,1849792,16710192,0,16710192,8,2803200,1408,-257,4010,1610519612086
2,3736464,375576,1279,934596,1849792,16682696,0,16682696,8,2803200,1421,-257,4010,1610519612191
2,3736464,376948,1280,934596,1849792,16597880,975208,15622672,8,2803200,1433,-257,4010,1610519612296
2,3736464,379444,1283,934600,1849792,16570352,2679624,13890728,8,2803200,1446,-257,4010,1610519612401
2,3736464,381304,1284,934600,1849792,16511240,4958712,11552528,8,2803200,1458,-257,4010,1610519612505
2,3736464,385488,1288,934600,1849792,16549776,8401112,8148664,8,2803200,1472,-257,4010,1610519612611
2,3736464,389224,1292,934600,1849792,16473960,12236072,4237888,8,2803200,1485,-257,4010,1610519612716
2,3736464,381008,1284,934600,1849792,16479984,3862528,12617456,8,2803200,1497,-257,4010,1610519612821
2,3736464,387392,1291,934600,1849792,16173208,10121216,6051992,8,2803200,1510,-257,4010,1610519612925
2,3736464,379812,1283,934604,1849792,16173208,2408360,13764848,8,2803200,1522,-257,4010,1610519613030
2,3736464,388832,1292,934604,1849792,16166824,11690248,4476576,8,2803200,1534,-270,4010,1610519613135
2,3736464,386088,1289,934604,1849792,16141648,8892416,7249232,8,2803200,1547,-270,4010,1610519613239
2,3736464,384372,1288,934604,1849792,16141648,7090216,9051432,8,2803200,1558,-270,4010,1610519613343
2,3736464,385860,1289,934604,1849792,16019568,8368128,7651440,8,2803200,1571,-270,4010,1610519613448
2,3736464,388448,1292,934604,1849792,16019568,11344136,4675432,8,2803200,1582,-270,4010,1610519613552
2,3736464,381520,1285,934604,1849792,16019568,3979528,12040040,8,2803200,1592,-270,4010,1610519613656
2,3736464,389780,1293,934604,1849792,15623528,11972608,3650920,8,2803200,1605,-270,4010,1610519613761
2,3736464,386804,1290,934604,1849792,15623528,8998912,6624616,8,2803200,1615,-270,4010,1610519613866
2,3736464,385952,1289,934604,1849792,15623528,7892992,7730536,8,2803200,1626,-270,4010,1610519613970
2,3736464,385720,1289,934604,1849792,15623528,7589888,8033640,8,2803200,1637,-270,4010,1610519614075
3,3736464,380988,1284,934616,1849792,15623528,2580352,13043176,8,2803200,1641,316,4010,1610519618724
3,3736464,374204,1277,934616,1849792,19224616,0,19224616,8,2803200,1656,316,4010,1610519618828
3,3736464,376448,1279,934616,1849792,17605528,45056,17560472,8,2803200,1670,316,4010,1610519618933
3,3736464,373972,1277,934616,1849792,19677880,0,19677880,8,2803200,1684,-227,4010,1610519619039
3,3736464,375144,1278,934616,1849792,17574984,0,17574984,8,2803200,1697,-227,4010,1610519619143
3,3736464,372696,1276,934616,1849792,19739320,0,19739320,8,2803200,1711,-227,4010,1610519619248
3,3736464,378992,1282,934616,1849792,19967640,6215472,13752168,8,2803200,1725,-227,4010,1610519619353
3,3736464,382604,1286,934616,1849792,17484832,7237632,10247200,8,2803200,1739,-227,4010,1610519619458
3,3736464,381172,1284,934620,1849792,17114088,5032872,12081216,8,2803200,1752,-227,4010,1610519619562
3,3736464,384024,1287,934620,1849792,17403648,7532544,9871104,8,2803200,1766,-227,4010,1610519619667
3,3736464,383528,1287,934620,1849792,17457992,6727144,10730848,8,2803200,1780,-227,4010,1610519619772
3,3736464,387692,1290,934620,1849792,17597584,12461456,5136128,8,2803200,1794,-227,4010,1610519619877
3,3736464,374772,1278,934620,1849792,18592856,0,18592856,8,2803200,1807,-227,4010,1610519619982
3,3736464,376260,1279,934620,1849792,17845624,0,17845624,8,2803200,1820,-227,4010,1610519620087
3,3736464,381948,1285,934620,1849792,17195096,6057984,11137112,8,2803200,1834,-227,4010,1610519620192
3,3736464,385404,1288,934620,1849792,16938288,9558360,7379928,8,2803200,1848,-227,4010,1610519620296
3,3736464,373700,1277,934620,1849792,18844448,0,18844448,8,2803200,1861,-227,4010,1610519620400
3,3736464,381380,1284,934620,1849792,17101200,5877760,11223440,8,2803200,1874,-270,4010,1610519620505
3,3736464,387896,1291,934620,1849792,18224536,0,18224536,8,2803200,1888,-270,4010,1610519620610
3,3736464,382180,1285,934620,1849792,18049008,6252920,11796088,8,2803200,1901,-270,4010,1610519620714
3,3736464,375656,1279,934620,1849792,17555136,0,17555136,8,2803200,1915,-270,4010,1610519620818
3,3736464,386504,1289,934620,1849792,16800944,10285056,6515888,8,2803200,1929,-270,4010,1610519620923
3,3736464,379100,1282,934620,1849792,17215608,2306048,14909560,8,2803200,1942,-270,4010,1610519621028
3,3736464,387180,1290,934620,1849792,16892928,10847288,6045640,8,2803200,1955,-270,4010,1610519621133
3,3736464,380484,1283,934624,1849792,17114104,4193448,12920656,8,2803200,1969,-270,4010,1610519621237
3,3736464,375928,1279,934624,1849792,18595496,0,18595496,8,2803200,1982,-270,4010,1610519621342
3,3736464,388176,1291,934624,1849792,17179712,12468224,4711488,8,2803200,1996,-270,4010,1610519621449
3,3736464,385616,1286,934624,1849792,17049312,7925760,9123552,8,2803200,2010,-270,4010,1610519621553
3,3736464,377804,1281,934624,1849792,17136408,2748416,14387992,8,2803200,2023,-270,4010,1610519621662
3,3736464,375804,1279,934624,1849792,16568432,241648,16326784,8,2803200,2036,-270,4010,1610519621766
3,3736464,388476,1291,934628,1849792,17085256,12542360,4542896,8,2803200,2050,-270,4010,1610519621872
3,3736464,386792,1290,934628,1849792,17090048,10790120,6299928,8,2803200,2062,-293,4010,1610519621976
3,3736464,385800,1289,934628,1849792,17063288,9822664,7240624,8,2803200,2076,-293,4010,1610519622081
3,3736464,385536,1288,934632,1849792,16790096,9199080,7591016,8,2803200,2088,-293,4010,1610519622186
3,3736464,385520,1288,934632,1849792,16729832,9134296,7595536,8,2803200,2101,-293,4010,1610519622292
3,3736464,386328,1289,934632,1849792,16817984,10232536,6585448,8,2803200,2114,-293,4010,1610519622396
3,3736464,388336,1291,934632,1849792,16577512,11921320,4656192,8,2803200,2127,-293,4010,1610519622500
3,3736464,376688,1280,934632,1849792,16582816,307200,16275616,8,2803200,2140,-293,4010,1610519622604
3,3736464,380872,1284,934632,1849792,16507256,4009984,12497272,8,2803200,2153,-293,4010,1610519622709
3,3736464,370688,1274,934632,1849792,22134112,0,22134112,8,2803200,2167,-293,4010,1610519622813
3,3736464,385196,1288,934632,1849792,18698608,10964360,7734248,8,2803200,2181,-293,4010,1610519622918
3,3736464,380980,1284,934632,1849792,16458496,4452352,12006144,8,2803200,2193,-293,4010,1610519623023
3,3736464,375384,1279,934632,1849792,17361160,0,17361160,8,2803200,2206,-293,4010,1610519623127
3,3736464,385288,1288,934632,1849792,16830616,9384664,7445952,8,2803200,2218,-293,4010,1610519623232
3,3736464,383968,1287,934632,1849792,16259816,7876608,8383208,8,2803200,2229,-293,4010,1610519623336
3,3736464,383320,1286,934632,1849792,16259816,6763288,9496528,8,2803200,2241,-288,4010,1610519623440
3,3736464,385320,1289,934632,1849792,15973848,8531968,7441880,8,2803200,2253,-288,4010,1610519623545
3,3736464,388404,1292,934632,1849792,15973848,12016856,3956992,8,2803200,2265,-288,4010,1610519623649
3,3736464,381460,1285,934632,1849792,15973848,4881624,11092224,8,2803200,2275,-288,4010,1610519623753
3,3736464,377308,1281,934632,1849792,15973848,318680,15655168,8,2803200,2286,-288,4010,1610519623857
3,3736464,386720,1290,934632,1849792,15666296,10416128,5250168,8,2803200,2299,-288,4010,1610519623961
3,3736464,385760,1289,934636,1849792,15666296,9277440,6388856,8,2803200,2310,-288,4010,1610519624066
